cnpj;nome_sistema;status_cvm;situacao;classe_atual;classe_anbima;sugestao_classe;confianca;liquidez_atual;cvm_conversao;cvm_pagto_resgate;cvm_tipo_dia;liquidez_sugerida;gestor;taxa_adm;ativo_canonico_id
59116601000107;ARTESANAL BTG CDI FIC DE FIDC RL;NAO_ENCONTRADO;;Multimercado;;;;2;;;;;;;86ee9549-0952-48fe-9178-54695993cc47
57812456000173;ARTESANAL CDI FIC FIDC II RL;NAO_ENCONTRADO;;Multimercado;;;;2;;;;;;;769575a0-7b57-4cd9-8f80-226a3b2b47ae
54869435000104;ARX CHILLON REC FII;NAO_ENCONTRADO;;FII-FIAgro;;;;1;;;;;;;929d6f45-9951-40bb-a675-6c5b3363b2b4
62362591000102;AZ QUEST - PRE - INFRA-YIELD IX FIP INFR;NAO_ENCONTRADO;;Multimercado;;;;1;;;;;;;37470255-747a-46a1-be49-80d6978ce554
59939757000198;AZ QUEST INFRA-YIELD VII FIP INFRA;NAO_ENCONTRADO;;Multimercado;;;;1;;;;;;;99965205-853d-437a-a7ee-d9a85a9ebcfa
54829603000120;BRADESCO DEBÊNTURES INCENTIVADAS CDI II CLASSE DE COTAS DE INVESTIMENTO EM COTAS DE INVESTIMENTO RENDA FIXA INCENTIVADO EM INFRAESTRUTURA LONGO PRAZO;NAO_ENCONTRADO;;Multimercado;;;;31;;;;;;;051907cc-b3f4-490a-9939-a500b4cda63a
61250889000150;BRASIL ENERGIA FII RESP LIMITADA;NAO_ENCONTRADO;;FII-FIAgro;;;;1;;;;;;;814c4bcb-8fb6-4247-9ad7-b0d4a107e466
60571986000181;BTG Apolo II FICFIDC RL;NAO_ENCONTRADO;;Multimercado;;;;91;;;;;;;a6e201bb-5294-4014-8829-513a6dd1a71c
43008233000143;BTG INCORPORACAO FII RESP LIMITADA;NAO_ENCONTRADO;;FII-FIAgro;;;;1;;;;;;;13305b7d-1ca7-4a78-be09-0990f7938b3e
59658166000142;BTG LOG AAA CAJAMAR FII RL SNR;NAO_ENCONTRADO;;FII-FIAgro;;;;1;;;;;;;71e3d362-4f85-494e-a31f-cd321ab4c6d8
49343067000118;BTG PACTUAL ENERGY DB FIP INFRAESTRUTURA;NAO_ENCONTRADO;;Multimercado;;;;1;;;;;;;470a8a96-ae0d-4ba2-a0b2-e5f89915bce7
51248141000169;BTG PACTUAL INFRA DEBT FIP;NAO_ENCONTRADO;;Multimercado;;;;1;;;;;;;bd0f62fe-4a11-4f94-b288-d73f113cd441
36642497000199;BTG PACTUAL INV DE IMPACTO CL B FIP MULT;NAO_ENCONTRADO;;Multimercado;;;;3;;;;;;;4806ccc3-0e58-438b-ab5f-c5b22d057dd7
50479122000180;BTG PACTUAL LOGCP FII;NAO_ENCONTRADO;;FII-FIAgro;;;;1;;;;;;;c59180b9-9642-423e-9db5-0966a9c70557
58595391000114;BTGP CRED AGRICOLA BTAG II PRE FIAGRO DC;NAO_ENCONTRADO;;FII-FIAgro;;;;1;;;;;;;ffa6868f-14d8-4b4e-9c14-0ecedfdc7ac7
60027987000160;BTGP CREDITO IMOBILIARIO CDI - FII RL;NAO_ENCONTRADO;;FII-FIAgro;;;;1;;;;;;;0c2f3769-8897-4972-a363-dc8162044846
48329694000131;BTGP REF MODERADO FMP FGTS CARTE LIVRE;NAO_ENCONTRADO;;Multimercado;;;;5;;;;;;;626e7906-d6b7-4e59-b375-c2e2f63c7089
60759253000175;Bradesco Athos FIDC RL;NAO_ENCONTRADO;;Multimercado;;;;91;;;;;;;9627f620-8435-4828-8c6d-499839c31ad7
54402012000171;Bradesco Maple Valor FIC FIA;NAO_ENCONTRADO;;Multimercado;;;;12;;;;;;;2d25e3f8-37b0-4611-8e79-17e66fd33abb
56267236000143;Chamonix High Yield FIDC RL;NAO_ENCONTRADO;;Multimercado;;;;35;;;;;;;3564bdd8-825c-457b-9c5f-74f0fc0dd96b
59079948000127;DAYCOVAL SUBCLASSE TOP JUROS ATIVO FIF;NAO_ENCONTRADO;;Multimercado;;;;1;;;;;;;a6035307-b8b1-42f3-baf6-e38d6eadf89f
63700460000142;ENERGIA REAL FII;NAO_ENCONTRADO;;FII-FIAgro;;;;1;;;;;;;1b875921-3fd4-45a7-b47a-3ad5266fb45f
62173916000109;FII LOTUS TOWER FII RESP LIMITADA;NAO_ENCONTRADO;;FII-FIAgro;;;;1;;;;;;;b570ba80-ffbd-4653-8eba-5964a31510fb
56053824000184;FII RIO BRAVO HEDGE FUND RESP LTDA;NAO_ENCONTRADO;;FII-FIAgro;;;;1;;;;;;;fc05c097-576e-4e22-8bca-2dbb05884ac2
57170846000197;HSI CRÉDITO ESTRUTURADO FII RESP LTDA;NAO_ENCONTRADO;;FII-FIAgro;;;;1;;;;;;;81047760-62c6-46fe-8081-b6b8193c073a
54006013000105;Itaú Artax Ultra Dist FICFIM RL;NAO_ENCONTRADO;;Multimercado;;;;22;;;;;;;cae5895b-4ab6-4068-8989-4a1c15080c0a
62855536000146;LOTUS TOWER II FII RESPONSABILIDADE L;NAO_ENCONTRADO;;FII-FIAgro;;;;1;;;;;;;5c91f93c-c08f-44cb-89f6-907afd87176e
63441263000156;MANATÍ RENDA IMOBILIÁRIA FII RL;NAO_ENCONTRADO;;FII-FIAgro;;;;1;;;;;;;a94e3ab9-bf7d-4ee8-b0a8-04e7c309cba8
51192125000100;MORE CRED IMOB FII;NAO_ENCONTRADO;;FII-FIAgro;;;;1;;;;;;;84a183ef-52ea-44db-b93d-372a83f111a8
32388135000162;Multiplica Multiagro FIDC - Senior;NAO_ENCONTRADO;;Multimercado;;;;1;;;;;;;d294eaaf-2d52-477d-a914-e78ad8959d3d
63141464000138;PATRIA INFRA CREDITO DI I FIP I;NAO_ENCONTRADO;;Multimercado;;;;5;;;;;;;777add81-25a1-4e80-a515-26a65004f6d4
57277830000188;PIPO CAPITAL II FIP MULT  CL A;NAO_ENCONTRADO;;Multimercado;;;;1;;;;;;;1430ed57-f3a7-49bb-b19b-0a320968def7
49983891000132;Patria Credito Estrutura 365 FICFIM CrPr;NAO_ENCONTRADO;;Multimercado;;;;366;;;;;;;7044864d-8df4-4e97-9b45-3bbe347a56d1
63976688000160;RBR FIP INFRA CREDITO;NAO_ENCONTRADO;;Multimercado;;;;3;;;;;;;7813c3f6-2478-4d12-b20d-2dc31adb13d8
50352284000153;RBR OPORTUNIDADES FII RL;NAO_ENCONTRADO;;FII-FIAgro;;;;1;;;;;;;d10debd7-7524-4443-80fb-c7ca38518654
57593613000105;RIZA EQUITUS REAL ESTATE FII RESP LTDA;NAO_ENCONTRADO;;FII-FIAgro;;;;1;;;;;;;373a4cce-2ea7-45e9-996e-a160e7898610
52242738000169;Safra Extra Bancos Special FICFIRF CrPr;NAO_ENCONTRADO;;Multimercado;;;;0;;;;;;;a9e5a9cf-311c-4f94-80c6-bbf656054a00
55318040000178;Solis Capital Antares Pioneiro FICFIDC;NAO_ENCONTRADO;;Multimercado;;;;60;;;;;;;ddc34d5e-39ac-4cad-857d-acb5aa7b150a
41269079000138;TARPON US EQUITIES I FIA IE;NAO_ENCONTRADO;;Multimercado;;;;62;;;;;;;76d57fd9-b979-4415-9669-a8d301447d3e
55054815000145;TERRAMAGNA II FC FIAGRO FIDC RESP LIMIT;NAO_ENCONTRADO;;FII-FIAgro;;;;2;;;;;;;4d75d676-0493-4a39-8a06-0f9b6e4d3acd
58398452000153;V8 Mercury FIRF CrPr LP RL;NAO_ENCONTRADO;;Multimercado;;;;31;;;;;;;2ff0ba26-aa73-4d99-84ec-8aa565e76625
60743809000135;VALORA AGRO RENDA SR2 FIAGRO DC RL;NAO_ENCONTRADO;;FII-FIAgro;;;;1;;;;;;;ec6d1881-e098-4a5a-8c72-8e74d0b34c6d
51802350000102;VBI CRED MULTI FII RESP LIMITADA;NAO_ENCONTRADO;;FII-FIAgro;;;;1;;;;;;;e1b64df9-2e11-40da-9e98-c8cee849c609
59657690000107;Valora Vanguard FIC FIDC;NAO_ENCONTRADO;;Multimercado;;;;45;;;;;;;74a55476-95c3-4052-afef-433a647f4a17
55507846000104;WESTERN ASSET HIGH GRADE ONE FIC FIDC RE;NAO_ENCONTRADO;;Multimercado;;;;5;;;;;;;56d50738-ca9b-4240-89bb-21c4e78cde42
49983964000196;Western Credito Bancario Plus FIRF CrPr;NAO_ENCONTRADO;;Multimercado;;;;0;;;;;;;f6dc4c7e-1df9-4c62-8b0c-56621c7f7926
38226673000137;Menestys I FICFIM CrPr;OK;;Multimercado;;;;30;0;1;DIAS ÚTEIS;1;;;0e280e53-242e-4814-9c12-507d983ee8ac
23502654000119;SUL AMERICA RETORNO TOTAL FIRF LP;OK;;Multimercado;PREVIDÊNCIA MULTIMERCADO;;;5;0;1;DIAS ÚTEIS;1;;;d386e426-fd80-4798-9833-5ae0a84281f2
38064885000165;CHINA ADVANTAGE FIM CrPr IE ACCESS;OK;;Multimercado;MULTIMERCADO - INVESTIMENTO NO EXTERIOR;Internacional - Multimercado;media;122;120;121;DIAS CORRIDOS;241;;;9a8e73a3-359b-4228-b9f1-6f0c3c56848e
29066331000106;PIMCO GL FINANC CREDIT FICFIM IE;OK;;Multimercado;MULTIMERCADO - INVESTIMENTO NO EXTERIOR;Internacional - Multimercado;media;6;1;6;DIAS ÚTEIS;7;;;9d0c7906-906b-4116-8b66-d585969ae20e
32225478000106;PIMCO INCOME DOLAR FICFIM IE LP RL;OK;;Multimercado;MULTIMERCADO - INVESTIMENTO NO EXTERIOR;Internacional - Multimercado;media;6;1;6;DIAS ÚTEIS;7;;;397098c1-f149-4a8d-ac4b-11bbf225742e
24029438000160;ADAM MACRO II FICFIM;OK;;Multimercado;MULTIMERCADO - ESTRATÉGIA - MACRO;Multimercado;alta;31;30;31;DIAS CORRIDOS;61;;;c5d28345-bb8b-47ef-a820-e801c3e4e74c
45830738000114;Artesanal Credito Privado 30 FIDC RL;OK;;Multimercado;MULTIMERCADO - ESTRATÉGIA - LIVRE;Multimercado;alta;30;29;1;DIAS ÚTEIS;30;;;315ec188-8f72-45c4-8db1-438cc5240aae
20441301000168;Artesanal Credito Privado FICFIM;OK;;Multimercado;MULTIMERCADO - ESTRATÉGIA - LIVRE;Multimercado;alta;91;90;91;DIAS CORRIDOS;181;;;2b2d467b-2eda-4a73-a18a-ef187b33ace4
09625909000100;Artesanal Multimercado FICFIM;OK;;Multimercado;MULTIMERCADO - ESTRATÉGIA - LIVRE;Multimercado;alta;2;1;2;DIAS ÚTEIS;3;;;a1819d9e-5388-45a2-a9bb-86f68ac9d3e1
37235773000167;BRADESCO OURO FICFIM;OK;;Multimercado;MULTIMERCADO - ESTRATÉGIA - ESTRATÉGIA ESPECÍFICA;Multimercado;alta;6;5;0;DIAS ÚTEIS;5;;;dd43465f-2ecc-40a2-8f3a-39d1c463395d
33599991000120;BTG CRED CORP PLUS FIM CrPr;OK;;Multimercado;MULTIMERCADO - ESTRATÉGIA - LIVRE;Multimercado;alta;31;59;60;DIAS CORRIDOS;119;;;d550b5b3-731e-4d0a-99bf-65a8a5c44924
37927641000104;BTG ECONOMIA REAL FEEDER I FIM;OK;;Multimercado;MULTIMERCADO - ESTRATÉGIA - ESTRATÉGIA ESPECÍFICA;Multimercado;alta;1;0;5;DIAS ÚTEIS;5;;;43115487-a9fc-4f59-8a4e-512fbbebeea4
36498594000150;BTG REF OURO FICFIM;OK;;Multimercado;MULTIMERCADO - ESTRATÉGIA - ESTRATÉGIA ESPECÍFICA;Multimercado;alta;8;7;8;DIAS ÚTEIS;15;;;d357e043-e814-4c21-8d8f-a0e48596c3a7
36727910000118;BTG REF OURO USD FICFIM;OK;;Multimercado;MULTIMERCADO - ESTRATÉGIA - ESTRATÉGIA ESPECÍFICA;Multimercado;alta;5;4;5;DIAS ÚTEIS;9;;;4e4b212f-d3bb-4ad4-8f30-134469ae5746
36499594000174;BTG SP 500 BRL FIM;OK;;Multimercado;MULTIMERCADO - ESTRATÉGIA - LIVRE;Multimercado;alta;2;0;2;DIAS ÚTEIS;2;;;e7f2a957-e246-4842-9eb3-b5a18a44083b
28866524000189;CANVAS VECTOR FICFIM;OK;;Multimercado;MULTIMERCADO - ESTRATÉGIA - LIVRE;Multimercado;alta;11;10;10;DIAS CORRIDOS;20;;;cd94d709-f17d-4c8b-a789-437d12a839b7
30317454000151;DAHLIA TOTAL RETURN FICFIM;OK;;Multimercado;MULTIMERCADO - ESTRATÉGIA - LIVRE;Multimercado;alta;32;30;32;DIAS CORRIDOS;62;;;c19c8bc0-62f7-445f-8182-cd7a805fd162
17251743000137;EMPIRICA LOTUS FICFIM CrPr;OK;;Multimercado;MULTIMERCADO - ESTRATÉGIA - ESTRATÉGIA ESPECÍFICA;Multimercado;alta;999;999;999;DIAS ÚTEIS;1998;;;a3c863a5-e6f7-4735-b480-56a676ad4aaf
22652091000182;EMPIRICA LOTUS IPCA FICFIM;OK;;Multimercado;MULTIMERCADO - ESTRATÉGIA - ESTRATÉGIA ESPECÍFICA;Multimercado;alta;999;999;999;DIAS CORRIDOS;1998;;;52bbfbdc-ffb0-4255-b6a7-a58ab25c7206
33736845000107;HASHDEX 100 NASDAQ CRYPTO INDEX FIM;OK;;Multimercado;MULTIMERCADO - ESTRATÉGIA - ESTRATÉGIA ESPECÍFICA;Multimercado;alta;6;1;6;DIAS ÚTEIS;7;;;2064f9e0-c9c6-4a90-b207-3a20aa37f466
33736873000116;HASHDEX 20 NASDAQ CRYPTO INDEX FICFIM;OK;;Multimercado;MULTIMERCADO - ESTRATÉGIA - ESTRATÉGIA ESPECÍFICA;Multimercado;alta;6;1;6;DIAS ÚTEIS;7;;;7d571122-b4cd-479a-9994-5b978db31201
35088108000162;HASHDEX 40 NASDAQ CRYPTO INDEX FICFIM;OK;;Multimercado;MULTIMERCADO - ESTRATÉGIA - ESTRATÉGIA ESPECÍFICA;Multimercado;alta;6;1;6;DIAS ÚTEIS;7;;;771b2f28-3a86-409f-8011-fdc880e534a6
36986672000165;HASHDEX BITCOIN FICFIM;OK;;Multimercado;MULTIMERCADO - ESTRATÉGIA - ESTRATÉGIA ESPECÍFICA;Multimercado;alta;6;1;6;DIAS ÚTEIS;7;;;4d331a29-8951-4532-a864-0029535e19d7
47612274000103;HASHDEX CRYPTO DINÂMICO LB FICFIM;OK;;Multimercado;MULTIMERCADO - ESTRATÉGIA - ESTRATÉGIA ESPECÍFICA;Multimercado;alta;15;13;15;DIAS ÚTEIS;28;;;4b18048b-d16c-4d1d-9d4b-39a1ab57a87d
44417431000123;HASHDEX ETHEREUM FIM;OK;;Multimercado;MULTIMERCADO - ESTRATÉGIA - LIVRE;Multimercado;alta;7;1;6;DIAS ÚTEIS;7;;;df8cd0fb-2f9e-42f2-b1a7-8c89fb09f92a
29720571000182;HECTARE REAL ESTATE FICFIM CrPr;OK;;Multimercado;MULTIMERCADO - ESTRATÉGIA - LIVRE;Multimercado;alta;121;120;121;DIAS CORRIDOS;241;;;6e8c56fb-0f85-4020-8bd7-ab0e057fc1dc
52285727000166;Itau Janeiro Dist FICFIM RL;OK;;Multimercado;MULTIMERCADO - ESTRATÉGIA - LIVRE;Multimercado;alta;22;21;21;DIAS CORRIDOS;42;;;c5f5db21-85ae-4d0d-8499-7e8acb2ae440
43984537000146;KAPITALO K10 FICFIM ACCESS;OK;;Multimercado;MULTIMERCADO - ESTRATÉGIA - LIVRE;Multimercado;alta;31;30;31;DIAS CORRIDOS;61;;;4d33c0aa-107e-400b-8622-a4aa15c78821
38221267000181;KP CrPr 35 FICFIM;OK;;Multimercado;MULTIMERCADO - ESTRATÉGIA - LIVRE;Multimercado;alta;35;33;35;DIAS CORRIDOS;68;;;08eda330-0756-4c9c-9e3e-1f98512731e5
45274408000190;LIBRA FIC FIDC CrPr;OK;;Multimercado;MULTIMERCADO - ESTRATÉGIA - LIVRE;Multimercado;alta;46;45;46;DIAS CORRIDOS;91;;;8d8cd4bc-7164-4799-abe7-5b0da7abbb8e
26841302000186;M8 Credit Opportunities FICFIM CrPr;OK;;Multimercado;MULTIMERCADO - ESTRATÉGIA - LIVRE;Multimercado;alta;91;90;91;DIAS CORRIDOS;181;;;c5f291e5-76f2-40b7-a125-67cb0fb8d6d7
19392834000118;MCA CrPr FICFIDC;OK;;Multimercado;MULTIMERCADO - ESTRATÉGIA - ESTRATÉGIA ESPECÍFICA;Multimercado;alta;31;30;31;DIAS CORRIDOS;61;;;cb5d67f3-5517-447f-9b94-f4f04b76ea90
23711364000185;MCA II FICFIDC;OK;;Multimercado;MULTIMERCADO - ESTRATÉGIA - ESTRATÉGIA ESPECÍFICA;Multimercado;alta;61;60;61;DIAS CORRIDOS;121;;;8d8f9916-711b-4956-9753-51b1b5081bc7
10237439000196;Matera RC Hedge FIM;OK;;Multimercado;MULTIMERCADO - ESTRATÉGIA - LIVRE;Multimercado;alta;16;15;16;DIAS CORRIDOS;31;;;15aff99b-ba28-451b-97d3-5d5e2ccab1ec
09601190000177;Nikos Ouro FIM;OK;;Multimercado;MULTIMERCADO - ESTRATÉGIA - ESTRATÉGIA ESPECÍFICA;Multimercado;alta;4;3;4;DIAS ÚTEIS;7;;;bbf01fab-c60c-43b8-8840-5be60e84ec2f
22918359000185;QUANTITAS MALLORCA FICFIM;OK;;Multimercado;MULTIMERCADO - ESTRATÉGIA - MACRO;Multimercado;alta;15;14;14;DIAS CORRIDOS;28;;;b0069e2e-a68a-46ba-9c26-54eb7dbf0150
42013814000100;RENDA MENSAL PRE FC FIDC;OK;;Multimercado;MULTIMERCADO - ESTRATÉGIA - ESTRATÉGIA ESPECÍFICA;Multimercado;alta;2;0;5;DIAS ÚTEIS;5;;;75745165-6ff8-46a4-b2d3-03ca5ea54f9f
42405028000159;ROOT CAPITAL CREDITO HG PLUS FICFIM CrPr;OK;;Multimercado;MULTIMERCADO - ALOCAÇÃO - DINÂMICOS;Multimercado;alta;60;59;60;DIAS CORRIDOS;119;;;75126cea-4015-4089-993f-f1f164f26de6
34431415000131;ROOT CAPITAL HIGH YIELD FICFIM CrPr;OK;;Multimercado;MULTIMERCADO - ESTRATÉGIA - MACRO;Multimercado;alta;180;179;180;DIAS CORRIDOS;359;;;89a542ed-34c7-4cc1-8416-bd2a1cbc58b4
13054728000148;SOLIS CAPITAL ANTARES CrPr FICFIM LP;OK;;Multimercado;MULTIMERCADO - ESTRATÉGIA - LIVRE;Multimercado;alta;60;59;60;DIAS CORRIDOS;119;;;dcdebf38-9621-4261-be26-537b35553290
49692303000101;SOLUTIONS FICFIM CrPr;OK;;Multimercado;MULTIMERCADO - ESTRATÉGIA - LIVRE;Multimercado;alta;10;9;10;DIAS CORRIDOS;19;;;fa48b6e9-eba7-486b-ad15-a0dbcc535419
34781162000126;SPX Seahawk Global FICFIM CrPr RL;OK;;Multimercado;MULTIMERCADO - ESTRATÉGIA - ESTRATÉGIA ESPECÍFICA;Multimercado;alta;31;30;30;DIAS CORRIDOS;60;;;e834cb39-417f-42f1-b7f4-4d25b888c06a
46339885000159;V8 GTO FICFIDC;OK;CANCELADA;Multimercado;MULTIMERCADO - ESTRATÉGIA - ESTRATÉGIA ESPECÍFICA;Multimercado;alta;90;89;90;DIAS ÚTEIS;179;V8 CAPITAL GESTÃO DE INVESTIMENTOS LTDA.;0.6;0b814266-c8b3-4b21-9ede-55182ea4e166
11701985000107;VALORA GUARDIAN FIDC;OK;;Multimercado;MULTIMERCADO - ALOCAÇÃO - DINÂMICOS;Multimercado;alta;91;62;0;DIAS CORRIDOS;62;;;5d84c403-7658-4c27-8360-9f517c24600f
17453850000148;WESTERN ASSET US INDEX 500 FIM;OK;;Multimercado;MULTIMERCADO - ESTRATÉGIA - ESTRATÉGIA ESPECÍFICA;Multimercado;alta;1;0;1;DIAS ÚTEIS;1;;;f275e47e-2f78-4e5e-a38a-da3045e27695
38065069000176;Éxes D90 FIDC;OK;;Multimercado;MULTIMERCADO - ESTRATÉGIA - LIVRE;Multimercado;alta;91;90;91;DIAS CORRIDOS;181;;;3161c358-36f0-4662-a303-6d7f5bd8aaba
57832914000136;A1 High Grade Pós Fixado Feeder 2 FIF RF;OK;;Multimercado;RENDA FIXA LIVRE DURAÇÃO - CRÉDITO LIVRE;RF - Pós-fixado;media;1;0;0;DIAS CORRIDOS;0;;;b9adb3b0-8a55-4456-845a-3de5d0841ac4
52286231000107;ARX FUJI FUNDO DE INVESTIMENTO EM COTAS DE FUNDOS DE INVESTIMENTO RENDA FIXA CRÉDITO PRIVADO;OK;;Multimercado;RENDA FIXA BAIXA DURAÇÃO - GRAU DE INVESTIMENTO;RF - Pós-fixado;media;1;0;1;DIAS ÚTEIS;1;;;e38b8c40-0c64-47b9-9140-ad9325919680
57027655000170;Absolute Hidra CDI Plus P Infra RF RL;OK;;Multimercado;RENDA FIXA BAIXA DURAÇÃO - CRÉDITO LIVRE;RF - Pós-fixado;media;31;30;31;DIAS CORRIDOS;61;;;e9573e23-8a98-4a4f-9c72-f79db4424cb6
24773832000109;Artesanal Renda Fixa FIRF;OK;;Multimercado;RENDA FIXA LIVRE DURAÇÃO - GRAU DE INVESTIMENTO;RF - Pós-fixado;media;0;0;0;DIAS ÚTEIS;0;;;89c4f182-4486-415e-87c1-b4f02ee521a6
09636393000107;BNP Paribas Match DI FIRF CrPr;OK;;Multimercado;RENDA FIXA BAIXA DURAÇÃO - GRAU DE INVESTIMENTO;RF - Pós-fixado;media;0;0;0;DIAS ÚTEIS;0;;;56a3aac9-2a1e-4f30-a7af-f38bab1d11a8
33342285000106;BRZ HIGH GRADE FIRF CrPr;OK;;Multimercado;RENDA FIXA BAIXA DURAÇÃO - GRAU DE INVESTIMENTO;RF - Pós-fixado;media;31;31;31;DIAS CORRIDOS;62;;;b84c88e2-ec29-403e-9ba1-60209805eea5
54996629000162;BTG Black Tesouro Selic Simples FIRF RL;OK;;Multimercado;RENDA FIXA SIMPLES;RF - Pós-fixado;media;0;0;0;DIAS ÚTEIS;0;;;6b566bb9-f149-4aa7-955d-f61f43b95c4b
27717359000130;BTG CDB Plus FIRF CrPr;OK;;Multimercado;RENDA FIXA BAIXA DURAÇÃO - GRAU DE INVESTIMENTO;RF - Pós-fixado;media;0;0;0;DIAS ÚTEIS;0;;;d233cf37-4897-425e-899a-1ed9c7695e24
50877951000111;BTG CRED CORP DINAMICO FICFIRF CrPr;OK;;Multimercado;RENDA FIXA LIVRE DURAÇÃO - GRAU DE INVESTIMENTO;RF - Pós-fixado;media;11;10;11;DIAS ÚTEIS;21;;;b33a0f78-ce4c-48bc-bdf9-cf9525774b70
30934757000113;BTG CRED CORP INCENTIVADO FICFIIIRF RL;OK;;FII-FIAgro;RENDA FIXA LIVRE DURAÇÃO - CRÉDITO LIVRE;RF - Pós-fixado;media;7;6;7;DIAS CORRIDOS;13;;;aa9f435d-da2f-4ca5-a542-2c37504ece4f
29562673000117;BTG Digital Tesouro Selic Simples FIRF;OK;;Multimercado;RENDA FIXA SIMPLES;RF - Pós-fixado;media;0;0;0;DIAS ÚTEIS;0;;;22999329-6d58-496d-9efa-40710144ecfd
34096235000140;BTG PACTUAL DEBENTURES INC FICFIRF;OK;;Multimercado;RENDA FIXA LIVRE DURAÇÃO - CRÉDITO LIVRE;RF - Pós-fixado;media;7;6;7;DIAS CORRIDOS;13;;;ade3a315-49df-43d5-abf0-fd6311853f1e
09215250000113;BTG Tesouro Selic FIRFRefDI;OK;;Multimercado;RENDA FIXA LIVRE DURAÇÃO - GRAU DE INVESTIMENTO;RF - Pós-fixado;media;0;0;0;DIAS ÚTEIS;0;;;435f7e2d-0994-45b4-aa90-a63c2b5a35ad
54517219000191;BTG Total Incentivado Infra FIRF;OK;;Multimercado;RENDA FIXA LIVRE DURAÇÃO - CRÉDITO LIVRE;RF - Pós-fixado;media;11;10;11;DIAS CORRIDOS;21;;;21ed9cfa-0e74-430b-9636-a69b376eb0f5
00840011000180;BTG Yield DI FIRFRef CrPr;OK;CANCELADA;Multimercado;RENDA FIXA BAIXA DURAÇÃO - GRAU DE INVESTIMENTO;RF - Pós-fixado;media;0;0;0;DIAS ÚTEIS;0;;;28ec9dc0-f9b5-4e4d-a7c7-aac2a86fc46e
10347493000194;BV BANKS FIRF CrPr;OK;;Multimercado;RENDA FIXA LIVRE DURAÇÃO - GRAU DE INVESTIMENTO;RF - Pós-fixado;media;0;5;6;DIAS CORRIDOS;11;;;259ef5ca-586b-431d-b2b2-56ca70a6cdf3
35408329000170;COMPASS CREDIT SELEC FICFIRF CrPr LP;OK;;Multimercado;RENDA FIXA LIVRE DURAÇÃO - CRÉDITO LIVRE;RF - Pós-fixado;media;1;0;1;DIAS ÚTEIS;1;;;192a1437-ee70-4395-ba84-14624fa88949
47612737000129;Hidra CDI FICFIInfraRF;OK;;FII-FIAgro;RENDA FIXA BAIXA DURAÇÃO - GRAU DE INVESTIMENTO;RF - Pós-fixado;media;31;30;31;DIAS CORRIDOS;61;;;30e0c80d-bde2-44aa-8a82-fa4e8cac1bfa
52342951000142;ITAU JANEIRO RF DISTRIBUIDOS FICFI;OK;;Multimercado;RENDA FIXA LIVRE DURAÇÃO - GRAU DE INVESTIMENTO;RF - Pós-fixado;media;1;0;0;DIAS CORRIDOS;0;;;5ca3cb51-264d-4799-ae4f-d7c7daf22969
55204781000128;JGP ECOSSISTEMA FIC FDS INC INV INFRA II;OK;;Multimercado;RENDA FIXA SIMPLES;RF - Pós-fixado;media;1;0;5;DIAS ÚTEIS;5;;;ebe4e204-dd3d-470c-bc1b-f4af1854ab29
31120420000135;Journey Endurance Debent Inc FIRF CrPr;OK;;Multimercado;RENDA FIXA LIVRE DURAÇÃO - CRÉDITO LIVRE;RF - Pós-fixado;media;30;29;30;DIAS ÚTEIS;59;;;8dfa1717-ed7e-4bac-b779-eef47f8f3a95
39586858000115;KINEA IPCA DINÂMICO II FUNDO DE INVESTIMENTO FINANCEIRO RENDA FIXA RESPONSABILIDADE LIMITADA;OK;;Multimercado;RENDA FIXA LIVRE DURAÇÃO - CRÉDITO LIVRE;RF - Pós-fixado;media;1;0;0;DIAS CORRIDOS;0;;;8e68e8cb-6320-426c-b77e-05e41edaff0c
32990051000102;KINEA OPORTUNIDADE FIRF CrPr SUBCLASSE I;OK;;Multimercado;RENDA FIXA LIVRE DURAÇÃO - CRÉDITO LIVRE;RF - Pós-fixado;media;91;90;90;DIAS CORRIDOS;180;;;1e695e15-a8f9-4fb4-b02f-b51940fa7f0d
28903657000188;KP CrPr FICFIM;OK;;Multimercado;RENDA FIXA LIVRE DURAÇÃO - CRÉDITO LIVRE;RF - Pós-fixado;media;91;89;91;DIAS CORRIDOS;180;;;e723baa9-c80b-4dd8-9d60-a479f6597225
17899612000160;MAG CASH FIRF LP;OK;;Multimercado;RENDA FIXA LIVRE DURAÇÃO - CRÉDITO LIVRE;RF - Pós-fixado;media;1;0;1;DIAS ÚTEIS;1;;;03c855aa-30ba-4db1-821b-ab62806826b2
08610270000126;MAPFRE FIRF;OK;;Multimercado;RENDA FIXA MÉDIA DURAÇÃO - GRAU DE INVESTIMENTO;RF - Pós-fixado;media;0;0;0;DIAS ÚTEIS;0;;;300e12de-1ab5-4e2c-b3d8-030b2f101d3d
23600995000127;MORE PREMIUM CRED CORP RF CrPr LP;OK;;Multimercado;RENDA FIXA LIVRE DURAÇÃO - CRÉDITO LIVRE;RF - Pós-fixado;media;5;4;5;DIAS ÚTEIS;9;;;5b908418-80b7-44ee-a36e-41d36055beb5
51253495000100;Mapfre Confianza DI FIRFRef CrPr;OK;;Multimercado;RENDA FIXA BAIXA DURAÇÃO - GRAU DE INVESTIMENTO;RF - Pós-fixado;media;0;0;0;DIAS ÚTEIS;0;;;7d25f7ee-2720-4563-b03b-7451ccaccc66
54344616000109;Occam Ativo 30 Incentivado Infra FIRF CP;OK;;Multimercado;RENDA FIXA LIVRE DURAÇÃO - CRÉDITO LIVRE;RF - Pós-fixado;media;31;30;31;DIAS CORRIDOS;61;;;e30b96f1-d3ae-48b5-95c0-aaf8758965e9
46098897000139;Occam Liquidez FICFIRF CrPr;OK;;Multimercado;RENDA FIXA LIVRE DURAÇÃO - CRÉDITO LIVRE;RF - Pós-fixado;media;1;0;1;DIAS ÚTEIS;1;;;fc55c47a-f64b-476b-b662-af6f85ab050c
23970201000117;Ouro Preto Real FICFIRF LP;OK;;Multimercado;RENDA FIXA LIVRE DURAÇÃO - CRÉDITO LIVRE;RF - Pós-fixado;media;3;2;3;DIAS CORRIDOS;5;;;d38f80d3-004b-4e36-aa78-b016d06b6d9e
57277937000126;PIPO CAPITAL II FI FINANCEIRO;OK;;Multimercado;RENDA FIXA LIVRE DURAÇÃO - CRÉDITO LIVRE;RF - Pós-fixado;media;2;0;2;DIAS ÚTEIS;2;;;7cf67299-a342-4935-95ca-1ff588714fcb
18719154000101;Porto DI CrPr FIRef;OK;;Multimercado;RENDA FIXA BAIXA DURAÇÃO - GRAU DE INVESTIMENTO;RF - Pós-fixado;media;0;0;0;DIAS CORRIDOS;0;;;5a625715-1c2a-4375-852d-9364f62c8063
27717045000138;RB Capital Vitoria Debent Inc FICFIIIRF;OK;;FII-FIAgro;RENDA FIXA LIVRE DURAÇÃO - CRÉDITO LIVRE;RF - Pós-fixado;media;5;4;5;DIAS ÚTEIS;9;;;decd4a0d-e126-4905-86b7-1aff190ce4d0
50038992000114;SPARTA DEB INCENTIVADAS ESTR FICINFRA RF;OK;;Multimercado;RENDA FIXA LIVRE DURAÇÃO - CRÉDITO LIVRE;RF - Pós-fixado;media;31;30;31;DIAS CORRIDOS;61;;;a8af824e-b5e7-4ace-aad7-1002aabecf56
12923387000137;SPARTA PREMIUM FICFIRF;OK;;Multimercado;RENDA FIXA BAIXA DURAÇÃO - GRAU DE INVESTIMENTO;RF - Pós-fixado;media;0;0;0;DIAS ÚTEIS;0;;;462e84ef-8cd7-43ec-a2f3-42f83000041f
14188162000100;SPARTA TOP FIC RF CrPr LP;OK;;Multimercado;RENDA FIXA MÉDIA DURAÇÃO - GRAU DE INVESTIMENTO;RF - Pós-fixado;media;31;30;31;DIAS CORRIDOS;61;;;e8db9d1e-2be4-453c-ac60-7bd2f8c124eb
35343590000130;SPX SEAHAWK FICFIRF CrPr LP ACCESS;OK;;Multimercado;RENDA FIXA LIVRE DURAÇÃO - CRÉDITO LIVRE;RF - Pós-fixado;media;31;45;46;DIAS CORRIDOS;91;;;95f12876-9842-459f-87e2-e9569446be57
47715703000160;SULAMERICA PREMIUM PLUS FIRF REF DI CrPr;OK;;Multimercado;RENDA FIXA BAIXA DURAÇÃO - GRAU DE INVESTIMENTO;RF - Pós-fixado;media;1;0;1;DIAS ÚTEIS;1;;;c20dedd3-57a9-4861-9b55-89932d93ffdc
12796232000187;Safra Agilite FIRF CrPr RL;OK;;Multimercado;RENDA FIXA BAIXA DURAÇÃO - GRAU DE INVESTIMENTO;RF - Pós-fixado;media;5;4;5;DIAS ÚTEIS;9;;;86f7f56d-331e-4f8d-b116-3e3b989e07ca
02536364000116;Safra DI Master FIRFRefDI LP;OK;CANCELADA;Multimercado;RENDA FIXA BAIXA DURAÇÃO - GRAU DE INVESTIMENTO;RF - Pós-fixado;media;0;0;0;DIAS ÚTEIS;0;;;4126263b-69ba-4c30-9bf8-f3dfb379051d
36352361000144;Sparta Debentures Incent 45 FICFIIIRF;OK;;FII-FIAgro;RENDA FIXA LIVRE DURAÇÃO - CRÉDITO LIVRE;RF - Pós-fixado;media;46;45;46;DIAS CORRIDOS;91;;;585dfeac-aca0-4fa2-b0dc-929215d23224
39959025000152;Sparta Debentures Incent IPCA FICFIIIRF;OK;;FII-FIAgro;RENDA FIXA LIVRE DURAÇÃO - CRÉDITO LIVRE;RF - Pós-fixado;media;32;30;32;DIAS CORRIDOS;62;;;01afe439-a4fd-4419-9168-bdd1d3985ece
54426679000104;Sparta Renda Incentivado Infra FIRF RL;OK;;Multimercado;RENDA FIXA LIVRE DURAÇÃO - CRÉDITO LIVRE;RF - Pós-fixado;media;91;30;31;DIAS CORRIDOS;61;;;41bfbee9-d9b0-45f3-946a-786996a74a7d
04899128000190;Sul America Excellence FIRF CrPr;OK;CANCELADA;Multimercado;RENDA FIXA LIVRE DURAÇÃO - GRAU DE INVESTIMENTO;RF - Pós-fixado;media;1;1;1;DIAS CORRIDOS;2;;;2ab6bb86-0996-406a-bd3f-1d83493f9a51
30509221000150;V8 CASH FICFIRF;OK;;Multimercado;RENDA FIXA LIVRE DURAÇÃO - CRÉDITO LIVRE;RF - Pós-fixado;media;0;0;0;DIAS ÚTEIS;0;;;7f0e2d8d-b585-4609-b713-6647a48c9363
42774627000140;V8 CASH PLATINUM FIC RF CrPr;OK;;Multimercado;RENDA FIXA LIVRE DURAÇÃO - CRÉDITO LIVRE;RF - Pós-fixado;media;12;10;12;DIAS ÚTEIS;22;;;4acb10a0-5bd0-4efb-9e3f-63b579480a59
29544764000120;IP PARTICIPACOES FICFIA BDR NIVEL I;OK;CANCELADA;Multimercado;AÇÕES - ATIVO - LIVRE;Renda Variável;alta;32;30;32;DIAS CORRIDOS;62;;;08104fd6-daae-47ca-8e1d-b29c32445464
12082452000149;IP Participações IPG FIC FIA RL;OK;;Multimercado;AÇÕES - ATIVO - LIVRE;Renda Variável;alta;32;30;32;DIAS CORRIDOS;62;;;c6a058b0-db8d-44f9-a8a8-409867e5121e
17400251000166;ORGANON FICFIA;OK;;Multimercado;AÇÕES - ATIVO - LIVRE;Renda Variável;alta;32;30;32;DIAS CORRIDOS;62;;;897583c5-a1b6-4ea7-bfc7-02f03dfddcf9
10500884000105;REAL INVESTOR FICFIA BDR NIVEL I;OK;;Multimercado;AÇÕES - ATIVO - LIVRE;Renda Variável;alta;29;27;29;DIAS CORRIDOS;56;;;0b94f471-3b41-4fb1-80d6-cac849888893
42922205000174;TARPON GT 90 FICFIA;OK;;Multimercado;AÇÕES - ATIVO - LIVRE;Renda Variável;alta;92;90;92;DIAS CORRIDOS;182;;;2e16d1a4-a4df-416d-b850-f10fb5c146d7
34713026000107;TARPON INTERSECTION FICFIA;OK;;Multimercado;AÇÕES - ATIVO - LIVRE;Renda Variável;alta;182;30;31;DIAS CORRIDOS;61;;;69d28f87-bd3c-49d0-aff4-b7fa25731f5a
