identificador;casado_por;tipo_id;nome_sistema;classe_sistema;classe_base2;status;ativo_canonico_id
24029438000160;CNPJ;CNPJ;ADAM MACRO II FICFIM;Multimercado;Multimercado;CONCORDA;c5d28345-bb8b-47ef-a820-e801c3e4e74c
09625909000100;CNPJ;CNPJ;Artesanal Multimercado FICFIM;Multimercado;Multimercado;CONCORDA;a1819d9e-5388-45a2-a9bb-86f68ac9d3e1
BRBBSEACNOR5;TICKER;ISIN;BBSEGURIDADEON      NM;Renda Variável;Renda Variável;CONCORDA;cfdd4995-73b8-447b-a662-777302ecf70e
BRBBDCACNPR8;TICKER;ISIN;BRADESCO    PN  EJ  N1;Renda Variável;Renda Variável;CONCORDA;a13b6cb8-cb7b-40ec-89ff-9a8784f38a99
BRBBASACNOR3;TICKER;ISIN;BRASIL      ON  EJ  NM;Renda Variável;Renda Variável;CONCORDA;8963d87a-1bb1-4c3e-9a7e-bcec1f06459a
37927641000104;CNPJ;CNPJ;BTG ECONOMIA REAL FEEDER I FIM;Multimercado;Multimercado;CONCORDA;43115487-a9fc-4f59-8a4e-512fbbebeea4
BRCXSEACNOR7;TICKER;ISIN;CAIXA SEGURION      NM;Renda Variável;Renda Variável;CONCORDA;2e8eb337-323b-43e7-9c7b-63625bec8dad
BRBHIAACNOR1;TICKER;ISIN;CASAS BAHIA ON  ATZ NM;Renda Variável;Renda Variável;CONCORDA;07892e1d-19f5-4c0b-b358-18cbc780d7f7
BRCSANACNOR6;TICKER;ISIN;COSAN       ON      NM;Renda Variável;Renda Variável;CONCORDA;11960c46-8117-41ad-a5a1-6e682dc97122
BRCPFEACNOR0;TICKER;ISIN;CPFL ENERGIAON      NM;Renda Variável;Renda Variável;CONCORDA;30f6ea82-288c-43c1-88f2-45c04cd0aa28
BRCMINACNOR2;TICKER;ISIN;CSNMINERACAOON      N2;Renda Variável;Renda Variável;CONCORDA;0eaa4b66-70be-4638-87be-e81c1e1c1f70
BRCSUDACNOR5;TICKER;ISIN;CSU DIGITAL ON      NM;Renda Variável;Renda Variável;CONCORDA;d2b0d052-9ba4-43ce-9a92-7fb9d6d454c2
BREMBJACNOR1;TICKER;ISIN;EMBRAER     ON      NM;Renda Variável;Renda Variável;CONCORDA;92e2389a-667a-4385-b7be-9f5a2061006e
BREGIEACNOR9;TICKER;ISIN;ENGIE BRASILON      NM;Renda Variável;Renda Variável;CONCORDA;2e121270-c533-4d3a-9c72-ac5267101418
BRFLRYACNOR5;TICKER;ISIN;FLEURY      ON      NM;Renda Variável;Renda Variável;CONCORDA;281e4f03-8cae-4a21-a2aa-6b46213c5fd5
BRINBRBDR007;TICKER;ISIN;INTER CO    DR2;Renda Variável;Renda Variável;CONCORDA;abf51e72-ccd4-4472-b645-de86278e951b
BRBESTCTF000;TICKER;ISIN;INVESTOBEST CI  ER;Renda Variável;Renda Variável;CONCORDA;227bf4e8-e8d7-4d9c-93ea-8218982ce2d0
BRBOVACTF003;TICKER;ISIN;ISHARES BOVACI;Renda Variável;Renda Variável;CONCORDA;610d5aab-afd3-453d-86af-b1754ca91350
BRSMALCTF002;TICKER;ISIN;ISHARES SMALCI;Renda Variável;Renda Variável;CONCORDA;b910bf5b-7bf1-4f79-ab74-358524ace58b
BRDIVDCTF005;TICKER;ISIN;IT NOW DIVD CI;Renda Variável;Renda Variável;CONCORDA;adda3653-f12f-4304-b632-0e83eaa156cb
BRFINDCTF007;TICKER;ISIN;IT NOW IFNC CI;Renda Variável;Renda Variável;CONCORDA;bdaeef5c-49b2-4bb6-89d7-4dbb9f8b72a4
BRITSAACNOR0;TICKER;ISIN;ITAUSA      ON  EJ  N1;Renda Variável;Renda Variável;CONCORDA;a58d86b0-aff3-40dd-a449-1160871cef87
BRITSAACNPR7;TICKER;ISIN;ITAUSA      PN  EJ  N1;Renda Variável;Renda Variável;CONCORDA;cdf3df7b-c09a-47ee-a29f-100c10114fd1
BRITUBACNPR1;TICKER;ISIN;ITAUUNIBANCOPN  EJ  N1;Renda Variável;Renda Variável;CONCORDA;d0741c04-b3b3-4dc0-89a9-750ecbcb19c8
54006013000105;CNPJ;CNPJ;Itaú Artax Ultra Dist FICFIM RL;Multimercado;Multimercado;CONCORDA;cae5895b-4ab6-4068-8989-4a1c15080c0a
43984537000146;CNPJ;CNPJ;KAPITALO K10 FICFIM ACCESS;Multimercado;Multimercado;CONCORDA;4d33c0aa-107e-400b-8622-a4aa15c78821
BRLAVVACNOR4;TICKER;ISIN;LAVVI       ON      NM;Renda Variável;Renda Variável;CONCORDA;1827e994-09b0-4163-828e-067323c85f69
BRLRENACNOR1;TICKER;ISIN;LOJAS RENNERON      NM;Renda Variável;Renda Variável;CONCORDA;8b487e7c-c024-45e6-8059-236d0f94da10
26841302000186;CNPJ;CNPJ;M8 Credit Opportunities FICFIM CrPr;Multimercado;Multimercado;CONCORDA;c5f291e5-76f2-40b7-a125-67cb0fb8d6d7
BRMRVEACNOR2;TICKER;ISIN;MRV         ON      NM;Renda Variável;Renda Variável;CONCORDA;2cb464bd-d6b0-4b71-a05f-cbd54f60b116
BRPETRACNOR9;TICKER;ISIN;PETROBRAS   ON  EJ  N2;Renda Variável;Renda Variável;CONCORDA;b265924e-ba95-47e9-8cb6-f0e8aa2630d4
BRPETRACNPR6;TICKER;ISIN;PETROBRAS   PN  EJ  N2;Renda Variável;Renda Variável;CONCORDA;bb431608-011d-47c4-9000-1d6f04207b20
BRPRIOACNOR1;TICKER;ISIN;PRIO        ON      NM;Renda Variável;Renda Variável;CONCORDA;387a412c-ffeb-4a27-a47e-d09de80681fa
22918359000185;CNPJ;CNPJ;QUANTITAS MALLORCA FICFIM;Multimercado;Multimercado;CONCORDA;b0069e2e-a68a-46ba-9c26-54eb7dbf0150
BRRADLACNOR0;TICKER;ISIN;RAIADROGASILON      NM;Renda Variável;Renda Variável;CONCORDA;579c06f8-61b0-4cf2-bc20-837116cff2a8
BRRAIZACNPR6;TICKER;ISIN;RAIZEN      PN      N2;Renda Variável;Renda Variável;CONCORDA;0002f2c4-0033-4154-8808-baa830871711
34431415000131;CNPJ;CNPJ;ROOT CAPITAL HIGH YIELD FICFIM CrPr;Multimercado;Multimercado;CONCORDA;89a542ed-34c7-4cc1-8416-bd2a1cbc58b4
BRSAPRCDAM13;TICKER;ISIN;SANEPAR     UNT     N2;Renda Variável;Renda Variável;CONCORDA;ba7f4303-ae43-4cc5-a36c-f404fe45cdd7
BRSHULACNPR4;TICKER;ISIN;SCHULZ      PN;Renda Variável;Renda Variável;CONCORDA;263e4ec9-9411-4adc-a4ee-952381a4cc2f
BRSMFTACNOR1;TICKER;ISIN;SMART FIT   ON  EJ  NM;Renda Variável;Renda Variável;CONCORDA;71f508ab-49aa-4cb2-99fe-c03a2251d18e
34781162000126;CNPJ;CNPJ;SPX Seahawk Global FICFIM CrPr RL;Multimercado;Multimercado;CONCORDA;e834cb39-417f-42f1-b7f4-4d25b888c06a
BRSUZBACNOR0;TICKER;ISIN;SUZANO S.A. ON      NM;Renda Variável;Renda Variável;CONCORDA;48672058-e540-406d-bd68-11f863ef2b56
BRTAEECDAM10;TICKER;ISIN;TAESA       UNT     N2;Renda Variável;Renda Variável;CONCORDA;e9c63fd3-688f-40ec-bade-092b243aed79
BRTOTSACNOR8;TICKER;ISIN;TOTVS       ON      NM;Renda Variável;Renda Variável;CONCORDA;67154c9c-9c1c-4c14-9193-6163bc85f1ea
BRVALEACNOR0;TICKER;ISIN;VALE        ON      NM;Renda Variável;Renda Variável;CONCORDA;88539c8e-4b4b-4eda-b2b8-a461830b6907
BRVLIDACNOR5;TICKER;ISIN;VALID       ON      NM;Renda Variável;Renda Variável;CONCORDA;ef50fbca-e00d-4780-aa17-5d10bf382e78
BRVIVAACNOR0;TICKER;ISIN;VIVARA S.A. ON      NM;Renda Variável;Renda Variável;CONCORDA;bdd55cde-eb36-47e5-a3f1-477d5ca10529
BRWEGEACNOR0;TICKER;ISIN;WEG         ON      NM;Renda Variável;Renda Variável;CONCORDA;523d54c8-b175-48e4-b5d6-ff8530c4518b
09636393000107;CNPJ;CNPJ;BNP Paribas Match DI FIRF CrPr;Multimercado;RF - Pós-fixado;DIVERGE;56a3aac9-2a1e-4f30-a7af-f38bab1d11a8
54996629000162;CNPJ;CNPJ;BTG Black Tesouro Selic Simples FIRF RL;Multimercado;Caixa;DIVERGE;6b566bb9-f149-4aa7-955d-f61f43b95c4b
27717359000130;CNPJ;CNPJ;BTG CDB Plus FIRF CrPr;Multimercado;RF - Pós-fixado;DIVERGE;d233cf37-4897-425e-899a-1ed9c7695e24
30934757000113;CNPJ;CNPJ;BTG CRED CORP INCENTIVADO FICFIIIRF RL;FII-FIAgro;RF - Inflação;DIVERGE;aa9f435d-da2f-4ca5-a542-2c37504ece4f
29562673000117;CNPJ;CNPJ;BTG Digital Tesouro Selic Simples FIRF;Multimercado;Caixa;DIVERGE;22999329-6d58-496d-9efa-40710144ecfd
34096235000140;CNPJ;CNPJ;BTG PACTUAL DEBENTURES INC FICFIRF;Multimercado;RF - Inflação;DIVERGE;ade3a315-49df-43d5-abf0-fd6311853f1e
49343067000118;CNPJ;CNPJ;BTG PACTUAL ENERGY DB FIP INFRAESTRUTURA;Multimercado;RF - Inflação;DIVERGE;470a8a96-ae0d-4ba2-a0b2-e5f89915bce7
36727910000118;CNPJ;CNPJ;BTG REF OURO USD FICFIM;Multimercado;Alternativos;DIVERGE;4e4b212f-d3bb-4ad4-8f30-134469ae5746
00840011000180;CNPJ;CNPJ;BTG Yield DI FIRFRef CrPr;Multimercado;RF - Pós-fixado;DIVERGE;28ec9dc0-f9b5-4e4d-a7c7-aac2a86fc46e
10347493000194;CNPJ;CNPJ;BV BANKS FIRF CrPr;Multimercado;RF - Pós-fixado;DIVERGE;259ef5ca-586b-431d-b2b2-56ca70a6cdf3
35408329000170;CNPJ;CNPJ;COMPASS CREDIT SELEC FICFIRF CrPr LP;Multimercado;RF - Pós-fixado;DIVERGE;192a1437-ee70-4395-ba84-14624fa88949
59079948000127;CNPJ;CNPJ;DAYCOVAL SUBCLASSE TOP JUROS ATIVO FIF;Multimercado;RF - Pós-fixado;DIVERGE;a6035307-b8b1-42f3-baf6-e38d6eadf89f
22652091000182;CNPJ;CNPJ;EMPIRICA LOTUS IPCA FICFIM;Multimercado;RF - Inflação;DIVERGE;52bbfbdc-ffb0-4255-b6a7-a58ab25c7206
BRQQQICTF009;TICKER;ISIN;ETF BV QQQI CI;Renda Variável;Internacional - Renda Variável;DIVERGE;8e748019-7e24-4b0e-a4eb-e64ed287af71
BRBTAGCTF003;TICKER;ISIN;FIAGRO BTAG CI  ER;Renda Variável;FII-FIAgro;DIVERGE;03907639-af47-4afd-a86e-8e331c3fe175
BRSNAGCTF000;TICKER;ISIN;FIAGRO SUNO CI;Renda Variável;FII-FIAgro;DIVERGE;2b77ee9d-7e5f-4611-b334-6ff8c52e27ca
BRBODBCTF009;TICKER;ISIN;FIC FI BCNA CI  ER;Renda Variável;FII-FIAgro;DIVERGE;1fb67002-fc18-4cbc-a8c7-105d6dc783e4
BRCPTICTF005;TICKER;ISIN;FIC IE CAP  CI  ER;Renda Variável;FII-FIAgro;DIVERGE;740408a7-ad59-4903-abd6-8e53cbc8f3f2
BRRZATCTF009;TICKER;ISIN;FII ARCTIUM CI;Renda Variável;FII-FIAgro;DIVERGE;dfbf98bc-823b-4300-ac27-a80fa2e57ea8
BRBRCRCTF000;TICKER;ISIN;FII BC FUND CI  ER;Renda Variável;FII-FIAgro;DIVERGE;914178ab-2cd6-4d64-8346-d9391985efb5
BRBRCOCTF007;TICKER;ISIN;FII BRESCO  CI  ER;Renda Variável;FII-FIAgro;DIVERGE;f434e468-c9ca-41ce-83a8-676e43a3b98d
BRBTCICTF005;TICKER;ISIN;FII BTG CRI CI  ER;Renda Variável;FII-FIAgro;DIVERGE;a334191b-689d-4647-bb94-e064b30d1c58
BRBTHFCTF000;TICKER;ISIN;FII BTHF    CI  ER;Renda Variável;FII-FIAgro;DIVERGE;c197d403-6539-430c-b1b6-b23084078c22
BRBTLGCTF000;TICKER;ISIN;FII BTLG    CI;Renda Variável;FII-FIAgro;DIVERGE;59a6022b-1dbf-47fd-9396-9dd1eba55063
BRCPTSCTF004;TICKER;ISIN;FII CAPI SECCI;Renda Variável;FII-FIAgro;DIVERGE;e6e92ad7-efd5-48a2-840e-e42cee597e95
BRCNESCTF001;TICKER;ISIN;FII CENESP  CI;Renda Variável;FII-FIAgro;DIVERGE;3a36fedf-7f49-4ac9-98ec-631020116401
BRDEVACTF000;TICKER;ISIN;FII DEVANT  CI  ER;Renda Variável;FII-FIAgro;DIVERGE;d8cd49ef-c145-4446-ac4c-f99de00102d3
BRGTWRCTF003;TICKER;ISIN;FII G TOWERSCI  ER;Renda Variável;FII-FIAgro;DIVERGE;1136be1d-e6ea-4347-b82b-a09f822ebf4e
BRGGRCCTF002;TICKER;ISIN;FII GGR ZAG CI  ER;Renda Variável;FII-FIAgro;DIVERGE;90197027-3df6-4c73-b796-99762180abbd
BRGARECTF001;TICKER;ISIN;FII GUARDIANCI  ER;Renda Variável;FII-FIAgro;DIVERGE;42b37aed-79cf-4c7f-86ca-6ab4f46c88a7
BRHGBSCTF000;TICKER;ISIN;FII HEDGEBS CI  ER;Renda Variável;FII-FIAgro;DIVERGE;a524f8d4-4c20-476a-8e03-639e8587c821
BRHGLGCTF004;TICKER;ISIN;FII HGLG PAXCI  ER;Renda Variável;FII-FIAgro;DIVERGE;b888cc94-dc06-492f-81c2-774e61a08274
BRHGRUCTF002;TICKER;ISIN;FII HGRU PAXCI  ERS;Renda Variável;FII-FIAgro;DIVERGE;6ab0ba9a-2cba-4d37-b940-830dd7e3b2e4
BRHSMLCTF007;TICKER;ISIN;FII HSI MALLCI  ER;Renda Variável;FII-FIAgro;DIVERGE;4780474d-b5d2-4e5a-a909-b3633047e3fa
BRHFOFCTF002;TICKER;ISIN;FII HTOPFOF3CI  ER;Renda Variável;FII-FIAgro;DIVERGE;be518ad2-2412-41c8-805b-599a4fdf4ad1
BRKNHYCTF005;TICKER;ISIN;FII KINEA HYCI  ER;Renda Variável;FII-FIAgro;DIVERGE;aa21b9db-f333-4672-b6e5-559fafa095fd
BRKNIPCTF001;TICKER;ISIN;FII KINEA IPCI  ER;Renda Variável;FII-FIAgro;DIVERGE;d27c0c02-4985-4551-8cb4-e0ed3740a26d
BRKNCRCTF000;TICKER;ISIN;FII KINEA RICI  ER;Renda Variável;FII-FIAgro;DIVERGE;60148e48-fd81-4b9a-b4f0-0ff2fc3ca858
BRKNUQCTF004;TICKER;ISIN;FII KINEA UNCI  ER;Renda Variável;FII-FIAgro;DIVERGE;e5f380d5-8758-4944-9bf0-20b2ca808d07
BRKFOFCTF006;TICKER;ISIN;FII KINEAFOFCI  ER;Renda Variável;FII-FIAgro;DIVERGE;8c84f4c2-c75e-429d-90f3-705facc2f333
BRMCCICTF008;TICKER;ISIN;FII MAUA    CI;Renda Variável;FII-FIAgro;DIVERGE;20a5ffb3-2d40-4a86-9b3a-ba0131539202
BRMCRECTF013;TICKER;ISIN;FII MAUA RE CI;Renda Variável;FII-FIAgro;DIVERGE;518e062b-891c-4791-bc5e-e5d883b38904
BRMXRFCTF008;TICKER;ISIN;FII MAXI RENCI  ER;Renda Variável;FII-FIAgro;DIVERGE;bcbb4d10-a431-4eed-b0ec-0e9866173cef
BRPVBICTF003;TICKER;ISIN;FII PVBI VBICI  ER;Renda Variável;FII-FIAgro;DIVERGE;f2cb429e-972c-461c-a168-fe37c24c173a
BRRBRLCTF001;TICKER;ISIN;FII RBRL PAXCI  ER;Renda Variável;FII-FIAgro;DIVERGE;b2c08c1d-4031-482d-a3e7-adc3e1cae756
BRRBRRCTF008;TICKER;ISIN;FII RBRR PAXCI;Renda Variável;FII-FIAgro;DIVERGE;358aa7bf-b74a-489b-823e-421ffeb160d3
BRRBRXCTF006;TICKER;ISIN;FII RBRX PAXCI;Renda Variável;FII-FIAgro;DIVERGE;433aafd0-cc18-4f1c-88ec-d509bfccd011
BRRBRYCTF004;TICKER;ISIN;FII RBRY PAXCI;Renda Variável;FII-FIAgro;DIVERGE;e6c14133-c276-4c46-858a-bb2e98bb912d
BRRECRCTF004;TICKER;ISIN;FII REC RECECI  ER;Renda Variável;FII-FIAgro;DIVERGE;8450862d-5320-444e-9d53-3ea92060a9cc
BRRBVACTF006;TICKER;ISIN;FII RIOB VA CI  ER;Renda Variável;FII-FIAgro;DIVERGE;acfcf35f-f011-43bf-a287-5b07ee227b34
BRRZAKCTF008;TICKER;ISIN;FII RIZA AKNCI;Renda Variável;FII-FIAgro;DIVERGE;3260edd3-7232-48ed-ad13-eaef20f58ea6
BRRZTRCTF003;TICKER;ISIN;FII RIZA TX CI  ER;Renda Variável;FII-FIAgro;DIVERGE;d1e6abd3-d5a4-4d17-a158-cdc4a2593614
BRTGARCTF009;TICKER;ISIN;FII TG ATIVOCI  ER;Renda Variável;FII-FIAgro;DIVERGE;59ecaab2-9e72-4722-b0fa-8d670195a801
BRTRXFCTF003;TICKER;ISIN;FII TRX REALCI  ER;Renda Variável;FII-FIAgro;DIVERGE;28448dd5-ad46-43a3-a071-1ebe49d3702e
BRVGHFCTF005;TICKER;ISIN;FII VALOR HECI  ER;Renda Variável;FII-FIAgro;DIVERGE;0a21674d-7a38-4c8b-bdd2-c3414c3ca188
BRVILGCTF001;TICKER;ISIN;FII VINCI LGCI  ER;Renda Variável;FII-FIAgro;DIVERGE;025db07d-9745-4379-9e5c-41491d2d6b90
BRVISCCTF005;TICKER;ISIN;FII VINCI SCCI  ER;Renda Variável;FII-FIAgro;DIVERGE;b4f69fc9-8d1d-4672-ae71-04658ba37e0a
BRXPMLCTF000;TICKER;ISIN;FII XP MALLSCI;Renda Variável;FII-FIAgro;DIVERGE;57fafd63-2243-419b-8481-10f839db80ff
33736845000107;CNPJ;CNPJ;HASHDEX 100 NASDAQ CRYPTO INDEX FIM;Multimercado;Alternativos;DIVERGE;2064f9e0-c9c6-4a90-b207-3a20aa37f466
33736873000116;CNPJ;CNPJ;HASHDEX 20 NASDAQ CRYPTO INDEX FICFIM;Multimercado;Alternativos;DIVERGE;7d571122-b4cd-479a-9994-5b978db31201
35088108000162;CNPJ;CNPJ;HASHDEX 40 NASDAQ CRYPTO INDEX FICFIM;Multimercado;Alternativos;DIVERGE;771b2f28-3a86-409f-8011-fdc880e534a6
36986672000165;CNPJ;CNPJ;HASHDEX BITCOIN FICFIM;Multimercado;Alternativos;DIVERGE;4d331a29-8951-4532-a864-0029535e19d7
44417431000123;CNPJ;CNPJ;HASHDEX ETHEREUM FIM;Multimercado;Alternativos;DIVERGE;df8cd0fb-2f9e-42f2-b1a7-8c89fb09f92a
BRHASHCTF018;TICKER;ISIN;HASHDEX NCI CI;Renda Variável;Alternativos;DIVERGE;d327f012-c7de-4296-b47e-ef97eb32e535
47612737000129;CNPJ;CNPJ;Hidra CDI FICFIInfraRF;FII-FIAgro;RF - Pós-fixado;DIVERGE;30e0c80d-bde2-44aa-8a82-fa4e8cac1bfa
BRLFTBCTF002;TICKER;ISIN;INVESTO LFTBF11;Renda Variável;RF - Pós-fixado;DIVERGE;41fade26-6eca-44ad-a5ee-9420da6aeb93
BRUSDBCTF000;TICKER;ISIN;INVESTO USDBCI;Renda Variável;Internacional - Pós-fixado;DIVERGE;25fcba8e-1eee-4b88-9ba4-5e3202dc7dd0
BRWRLDCTF007;TICKER;ISIN;INVESTO WRLDCI;Renda Variável;Internacional - Renda Variável;DIVERGE;dfb9c91e-e42b-47dd-a19b-fd2d05f508cc
12082452000149;CNPJ;CNPJ;IP Participações IPG FIC FIA RL;Multimercado;Renda Variável;DIVERGE;c6a058b0-db8d-44f9-a8a8-409867e5121e
BRIVVBCTF001;TICKER;ISIN;ISHARE SP500CI;Renda Variável;Internacional - Renda Variável;DIVERGE;b7809dbe-b5cd-4d5c-8ad2-ab7c6f28acd8
BRB5P2CTF001;TICKER;ISIN;IT NOW B5P2 F11;Renda Variável;RF - Inflação;DIVERGE;11d8768d-f287-4b2c-bc39-414f0758a7d1
BRIMABCTF004;TICKER;ISIN;IT NOW IMA-BF11;Renda Variável;RF - Inflação;DIVERGE;6d284cd8-4c66-4549-bfba-6576d8522c8a
BRIRFMCTF009;TICKER;ISIN;IT NOW IRF-MF11;Renda Variável;Multimercado;DIVERGE;18918bc3-c71d-47f6-8344-5e971af9bc48
52342951000142;CNPJ;CNPJ;ITAU JANEIRO RF DISTRIBUIDOS FICFI;Multimercado;RF - Pós-fixado;DIVERGE;5ca3cb51-264d-4799-ae4f-d7c7daf22969
55204781000128;CNPJ;CNPJ;JGP ECOSSISTEMA FIC FDS INC INV INFRA II;Multimercado;RF - Inflação;DIVERGE;ebe4e204-dd3d-470c-bc1b-f4af1854ab29
39586858000115;CNPJ;CNPJ;KINEA IPCA DINÂMICO II FUNDO DE INVESTIMENTO FINANCEIRO RENDA FIXA RESPONSABILIDADE LIMITADA;Multimercado;RF - Inflação;DIVERGE;8e68e8cb-6320-426c-b77e-05e41edaff0c
32990051000102;CNPJ;CNPJ;KINEA OPORTUNIDADE FIRF CrPr SUBCLASSE I;Multimercado;RF - Pós-fixado;DIVERGE;1e695e15-a8f9-4fb4-b02f-b51940fa7f0d
23600995000127;CNPJ;CNPJ;MORE PREMIUM CRED CORP RF CrPr LP;Multimercado;RF - Pós-fixado;DIVERGE;5b908418-80b7-44ee-a36e-41d36055beb5
51253495000100;CNPJ;CNPJ;Mapfre Confianza DI FIRFRef CrPr;Multimercado;RF - Pós-fixado;DIVERGE;7d25f7ee-2720-4563-b03b-7451ccaccc66
09601190000177;CNPJ;CNPJ;Nikos Ouro FIM;Multimercado;Alternativos;DIVERGE;bbf01fab-c60c-43b8-8840-5be60e84ec2f
17400251000166;CNPJ;CNPJ;ORGANON FICFIA;Multimercado;Renda Variável;DIVERGE;897583c5-a1b6-4ea7-bfc7-02f03dfddcf9
54344616000109;CNPJ;CNPJ;Occam Ativo 30 Incentivado Infra FIRF CP;Multimercado;RF - Inflação;DIVERGE;e30b96f1-d3ae-48b5-95c0-aaf8758965e9
46098897000139;CNPJ;CNPJ;Occam Liquidez FICFIRF CrPr;Multimercado;RF - Pós-fixado;DIVERGE;fc55c47a-f64b-476b-b662-af6f85ab050c
49983891000132;CNPJ;CNPJ;Patria Credito Estrutura 365 FICFIM CrPr;Multimercado;RF - Pós-fixado;DIVERGE;7044864d-8df4-4e97-9b45-3bbe347a56d1
18719154000101;CNPJ;CNPJ;Porto DI CrPr FIRef;Multimercado;RF - Pós-fixado;DIVERGE;5a625715-1c2a-4375-852d-9364f62c8063
BRCDIICTF012;TICKER;ISIN;SPARTA CDII CI  ER;Renda Variável;RF - Pós-fixado;DIVERGE;0b641db1-8d6f-4f18-addb-3e5c83653774
50038992000114;CNPJ;CNPJ;SPARTA DEB INCENTIVADAS ESTR FICINFRA RF;Multimercado;RF - Inflação;DIVERGE;a8af824e-b5e7-4ace-aad7-1002aabecf56
BRJUROCTF002;TICKER;ISIN;SPARTA INFRACI  ER;Renda Variável;RF - Pós-fixado;DIVERGE;f46a143c-2192-48bb-911e-67159e9b12d2
12923387000137;CNPJ;CNPJ;SPARTA PREMIUM FICFIRF;Multimercado;RF - Pós-fixado;DIVERGE;462e84ef-8cd7-43ec-a2f3-42f83000041f
14188162000100;CNPJ;CNPJ;SPARTA TOP FIC RF CrPr LP;Multimercado;RF - Pós-fixado;DIVERGE;e8db9d1e-2be4-453c-ac60-7bd2f8c124eb
35343590000130;CNPJ;CNPJ;SPX SEAHAWK FICFIRF CrPr LP ACCESS;Multimercado;RF - Pós-fixado;DIVERGE;95f12876-9842-459f-87e2-e9569446be57
23502654000119;CNPJ;CNPJ;SUL AMERICA RETORNO TOTAL FIRF LP;Multimercado;RF - Pós-fixado;DIVERGE;d386e426-fd80-4798-9833-5ae0a84281f2
47715703000160;CNPJ;CNPJ;SULAMERICA PREMIUM PLUS FIRF REF DI CrPr;Multimercado;Caixa;DIVERGE;c20dedd3-57a9-4861-9b55-89932d93ffdc
12796232000187;CNPJ;CNPJ;Safra Agilite FIRF CrPr RL;Multimercado;RF - Pós-fixado;DIVERGE;86f7f56d-331e-4f8d-b116-3e3b989e07ca
02536364000116;CNPJ;CNPJ;Safra DI Master FIRFRefDI LP;Multimercado;RF - Pós-fixado;DIVERGE;4126263b-69ba-4c30-9bf8-f3dfb379051d
52242738000169;CNPJ;CNPJ;Safra Extra Bancos Special FICFIRF CrPr;Multimercado;RF - Pós-fixado;DIVERGE;a9e5a9cf-311c-4f94-80c6-bbf656054a00
36352361000144;CNPJ;CNPJ;Sparta Debentures Incent 45 FICFIIIRF;FII-FIAgro;RF - Pós-fixado;DIVERGE;585dfeac-aca0-4fa2-b0dc-929215d23224
39959025000152;CNPJ;CNPJ;Sparta Debentures Incent IPCA FICFIIIRF;FII-FIAgro;RF - Inflação;DIVERGE;01afe439-a4fd-4419-9168-bdd1d3985ece
54426679000104;CNPJ;CNPJ;Sparta Renda Incentivado Infra FIRF RL;Multimercado;RF - Pós-fixado;DIVERGE;41bfbee9-d9b0-45f3-946a-786996a74a7d
04899128000190;CNPJ;CNPJ;Sul America Excellence FIRF CrPr;Multimercado;RF - Pós-fixado;DIVERGE;2ab6bb86-0996-406a-bd3f-1d83493f9a51
42922205000174;CNPJ;CNPJ;TARPON GT 90 FICFIA;Multimercado;Renda Variável;DIVERGE;2e16d1a4-a4df-416d-b850-f10fb5c146d7
BRGOLDCTF015;TICKER;ISIN;TREND OURO  CI;Renda Variável;Alternativos;DIVERGE;d76a733a-665f-47a3-bee8-1731a9555695
42774627000140;CNPJ;CNPJ;V8 CASH PLATINUM FIC RF CrPr;Multimercado;RF - Pós-fixado;DIVERGE;4acb10a0-5bd0-4efb-9e3f-63b579480a59
58398452000153;CNPJ;CNPJ;V8 Mercury FIRF CrPr LP RL;Multimercado;RF - Pós-fixado;DIVERGE;2ff0ba26-aa73-4d99-84ec-8aa565e76625
17453850000148;CNPJ;CNPJ;WESTERN ASSET US INDEX 500 FIM;Multimercado;Internacional - Renda Variável;DIVERGE;f275e47e-2f78-4e5e-a38a-da3045e27695
49983964000196;CNPJ;CNPJ;Western Credito Bancario Plus FIRF CrPr;Multimercado;RF - Pós-fixado;DIVERGE;f6dc4c7e-1df9-4c62-8b0c-56621c7f7926
57832914000136;;CNPJ;A1 High Grade Pós Fixado Feeder 2 FIF RF;Multimercado;;SEM_COBERTURA_BASE2;b9adb3b0-8a55-4456-845a-3de5d0841ac4
BRALOSACNOR5;;ISIN;ALLOS       ON      NM;Renda Variável;;SEM_COBERTURA_BASE2;10e8772c-0c0a-4762-bf57-6c10f3759bd1
59116601000107;;CNPJ;ARTESANAL BTG CDI FIC DE FIDC RL;Multimercado;;SEM_COBERTURA_BASE2;86ee9549-0952-48fe-9178-54695993cc47
57812456000173;;CNPJ;ARTESANAL CDI FIC FIDC II RL;Multimercado;;SEM_COBERTURA_BASE2;769575a0-7b57-4cd9-8f80-226a3b2b47ae
54869435000104;;CNPJ;ARX CHILLON REC FII;FII-FIAgro;;SEM_COBERTURA_BASE2;929d6f45-9951-40bb-a675-6c5b3363b2b4
52286231000107;;CNPJ;ARX FUJI FUNDO DE INVESTIMENTO EM COTAS DE FUNDOS DE INVESTIMENTO RENDA FIXA CRÉDITO PRIVADO;Multimercado;;SEM_COBERTURA_BASE2;e38b8c40-0c64-47b9-9140-ad9325919680
62362591000102;;CNPJ;AZ QUEST - PRE - INFRA-YIELD IX FIP INFR;Multimercado;;SEM_COBERTURA_BASE2;37470255-747a-46a1-be49-80d6978ce554
59939757000198;;CNPJ;AZ QUEST INFRA-YIELD VII FIP INFRA;Multimercado;;SEM_COBERTURA_BASE2;99965205-853d-437a-a7ee-d9a85a9ebcfa
BRAZINCTF019;;ISIN;AZQ INFRA IICI;Renda Variável;;SEM_COBERTURA_BASE2;2656f6ec-72d8-4d99-a8c6-e2a583a4dcc9
57027655000170;;CNPJ;Absolute Hidra CDI Plus P Infra RF RL;Multimercado;;SEM_COBERTURA_BASE2;e9573e23-8a98-4a4f-9c72-f79db4424cb6
45830738000114;;CNPJ;Artesanal Credito Privado 30 FIDC RL;Multimercado;;SEM_COBERTURA_BASE2;315ec188-8f72-45c4-8db1-438cc5240aae
20441301000168;;CNPJ;Artesanal Credito Privado FICFIM;Multimercado;;SEM_COBERTURA_BASE2;2b2d467b-2eda-4a73-a18a-ef187b33ace4
24773832000109;;CNPJ;Artesanal Renda Fixa FIRF;Multimercado;;SEM_COBERTURA_BASE2;89c4f182-4486-415e-87c1-b4f02ee521a6
BRDOLACTF018;;ISIN;BB ETF DOLARCI;Renda Variável;;SEM_COBERTURA_BASE2;60e0a1da-c3be-41d1-93aa-1b4030d78d96
BRBIXCBDR008;;ISIN;BKR GLB ENERDRE;Renda Variável;;SEM_COBERTURA_BASE2;5271d9d0-ec9e-4747-a683-076de46c4305
BRBGOVBDR001;;ISIN;BKR US TREASDRE ED;Renda Variável;;SEM_COBERTURA_BASE2;2fefa400-4bdc-47cf-a548-bc5b084edc70
54829603000120;;CNPJ;BRADESCO DEBÊNTURES INCENTIVADAS CDI II CLASSE DE COTAS DE INVESTIMENTO EM COTAS DE INVESTIMENTO RENDA FIXA INCENTIVADO EM INFRAESTRUTURA LONGO PRAZO;Multimercado;;SEM_COBERTURA_BASE2;051907cc-b3f4-490a-9939-a500b4cda63a
37235773000167;;CNPJ;BRADESCO OURO FICFIM;Multimercado;;SEM_COBERTURA_BASE2;dd43465f-2ecc-40a2-8f3a-39d1c463395d
33342285000106;;CNPJ;BRZ HIGH GRADE FIRF CrPr;Multimercado;;SEM_COBERTURA_BASE2;b84c88e2-ec29-403e-9ba1-60209805eea5
60571986000181;;CNPJ;BTG Apolo II FICFIDC RL;Multimercado;;SEM_COBERTURA_BASE2;a6e201bb-5294-4014-8829-513a6dd1a71c
50877951000111;;CNPJ;BTG CRED CORP DINAMICO FICFIRF CrPr;Multimercado;;SEM_COBERTURA_BASE2;b33a0f78-ce4c-48bc-bdf9-cf9525774b70
33599991000120;;CNPJ;BTG CRED CORP PLUS FIM CrPr;Multimercado;;SEM_COBERTURA_BASE2;d550b5b3-731e-4d0a-99bf-65a8a5c44924
43008233000143;;CNPJ;BTG INCORPORACAO FII RESP LIMITADA;FII-FIAgro;;SEM_COBERTURA_BASE2;13305b7d-1ca7-4a78-be09-0990f7938b3e
59658166000142;;CNPJ;BTG LOG AAA CAJAMAR FII RL SNR;FII-FIAgro;;SEM_COBERTURA_BASE2;71e3d362-4f85-494e-a31f-cd321ab4c6d8
51248141000169;;CNPJ;BTG PACTUAL INFRA DEBT FIP;Multimercado;;SEM_COBERTURA_BASE2;bd0f62fe-4a11-4f94-b288-d73f113cd441
36642497000199;;CNPJ;BTG PACTUAL INV DE IMPACTO CL B FIP MULT;Multimercado;;SEM_COBERTURA_BASE2;4806ccc3-0e58-438b-ab5f-c5b22d057dd7
50479122000180;;CNPJ;BTG PACTUAL LOGCP FII;FII-FIAgro;;SEM_COBERTURA_BASE2;c59180b9-9642-423e-9db5-0966a9c70557
36498594000150;;CNPJ;BTG REF OURO FICFIM;Multimercado;;SEM_COBERTURA_BASE2;d357e043-e814-4c21-8d8f-a0e48596c3a7
36499594000174;;CNPJ;BTG SP 500 BRL FIM;Multimercado;;SEM_COBERTURA_BASE2;e7f2a957-e246-4842-9eb3-b5a18a44083b
09215250000113;;CNPJ;BTG Tesouro Selic FIRFRefDI;Multimercado;;SEM_COBERTURA_BASE2;435f7e2d-0994-45b4-aa90-a63c2b5a35ad
54517219000191;;CNPJ;BTG Total Incentivado Infra FIRF;Multimercado;;SEM_COBERTURA_BASE2;21ed9cfa-0e74-430b-9636-a69b376eb0f5
BRBPACUNT006;;ISIN;BTGP BANCO  UNT     N2;Renda Variável;;SEM_COBERTURA_BASE2;35224e6a-e471-4668-bf35-f3a68a5fc3a9
58595391000114;;CNPJ;BTGP CRED AGRICOLA BTAG II PRE FIAGRO DC;FII-FIAgro;;SEM_COBERTURA_BASE2;ffa6868f-14d8-4b4e-9c14-0ecedfdc7ac7
60027987000160;;CNPJ;BTGP CREDITO IMOBILIARIO CDI - FII RL;FII-FIAgro;;SEM_COBERTURA_BASE2;0c2f3769-8897-4972-a363-dc8162044846
48329694000131;;CNPJ;BTGP REF MODERADO FMP FGTS CARTE LIVRE;Multimercado;;SEM_COBERTURA_BASE2;626e7906-d6b7-4e59-b375-c2e2f63c7089
Balance EUR Banking;;TICKER;Balance EUR Banking;Conta Corrente;;SEM_COBERTURA_BASE2;ff6c1444-ee0f-486a-bdba-e9883d45493f
Balance US Banking;;TICKER;Balance US Banking;Conta Corrente;;SEM_COBERTURA_BASE2;6cf05e50-8091-45a2-94bb-ea680eccee09
60759253000175;;CNPJ;Bradesco Athos FIDC RL;Multimercado;;SEM_COBERTURA_BASE2;9627f620-8435-4828-8c6d-499839c31ad7
54402012000171;;CNPJ;Bradesco Maple Valor FIC FIA;Multimercado;;SEM_COBERTURA_BASE2;2d25e3f8-37b0-4611-8e79-17e66fd33abb
4831907000153;;ISIN;Bradesco SKY DI;Multimercado;;SEM_COBERTURA_BASE2;9548f5a0-d065-4ad9-81cd-4e33afdb3fee
34109809000178;;ISIN;Bradesco Zupo CP;Multimercado;;SEM_COBERTURA_BASE2;04cdd77d-eef8-425f-bfb1-6d80b0bb0fac
28866524000189;;CNPJ;CANVAS VECTOR FICFIM;Multimercado;;SEM_COBERTURA_BASE2;cd94d709-f17d-4c8b-a789-437d12a839b7
CDB525A1OYF;;ISIN;CDB;RF - Pós-fixado;;SEM_COBERTURA_BASE2;a001b186-bb77-4ed1-ac94-14734058b5f5
CDBB23A6VEH;;ISIN;CDB;RF - Pós-fixado;;SEM_COBERTURA_BASE2;00071c8a-a05a-478a-88e8-a47b2583edd8
CDB525A1X5N;;ISIN;CDB;RF - Inflação;;SEM_COBERTURA_BASE2;feb5e26a-0f37-491f-8169-7faec7abc95d
CDB5252LQX7;;ISIN;CDB;RF - Pós-fixado;;SEM_COBERTURA_BASE2;0175eefe-48b8-45b8-81fa-50c1321d10fb
CDB32695QOU;;ISIN;CDB;RF - Pós-fixado;;SEM_COBERTURA_BASE2;01979107-7c01-4bed-b195-942cfc19ae4a
CDB3259N5IO;;ISIN;CDB;RF - Pós-fixado;;SEM_COBERTURA_BASE2;01f0f2b9-8dcf-4b8a-9cf2-eb1f129e6317
CDB326CZ7KB;;ISIN;CDB;RF - Pós-fixado;;SEM_COBERTURA_BASE2;035f3749-365d-474a-ac77-a1dd5467ec2e
CDBC25C8QPP;;ISIN;CDB;RF - Pós-fixado;;SEM_COBERTURA_BASE2;fdea50b7-2264-469a-a136-e3dc1ef2e561
CDB326BXSTI;;ISIN;CDB;RF - Pós-fixado;;SEM_COBERTURA_BASE2;03cb4c95-4ab0-4966-bf14-0effc8a8d2e2
CDB32647D2P;;ISIN;CDB;RF - Pós-fixado;;SEM_COBERTURA_BASE2;03e159a9-b30d-4673-a86f-6f8cd8f3fdff
CDB625COJLM;;ISIN;CDB;RF - Inflação;;SEM_COBERTURA_BASE2;fcd92c4b-bfe2-4840-bbad-9e55f3842ff8
CDBC24C51Q4;;ISIN;CDB;RF - Prefixado;;SEM_COBERTURA_BASE2;fc75c269-2647-4ed0-8c6e-b40dc7d61703
CDB6259S4NY;;ISIN;CDB;RF - Pós-fixado;;SEM_COBERTURA_BASE2;fc6a80a0-069f-4302-baa9-5ea94ae336ba
CDB3258OK65;;ISIN;CDB;RF - Pós-fixado;;SEM_COBERTURA_BASE2;fb54e15b-d281-47f2-80c1-4cae20af2c05
CDB223A1MEK;;ISIN;CDB;RF - Pós-fixado;;SEM_COBERTURA_BASE2;073b4bd6-4dbd-4617-82f9-29ea3d91b906
CDB925ATQM2;;ISIN;CDB;RF - Pós-fixado;;SEM_COBERTURA_BASE2;076fc260-d91a-464f-96fa-8a53057c52a9
CDB7248HHZS;;ISIN;CDB;RF - Inflação;;SEM_COBERTURA_BASE2;fae4e01d-acb7-41c4-8ab6-c161040a8696
CDBB248E62V;;ISIN;CDB;RF - Prefixado;;SEM_COBERTURA_BASE2;f9f3ea55-8cab-493e-bbe0-bbcc4fe83919
CDB52555F5T;;ISIN;CDB;RF - Pós-fixado;;SEM_COBERTURA_BASE2;083463e1-f11d-4b66-adee-744c8fec8c2c
BRBMTNC01R92;;ISIN;CDB;RF - Prefixado;;SEM_COBERTURA_BASE2;f806b273-ce59-438f-87ea-4cbab64ba48d
CDB2266PKA8;;ISIN;CDB;RF - Prefixado;;SEM_COBERTURA_BASE2;08f3d04b-0f06-4373-a04f-e6b7e15da891
CDB92475OSF;;ISIN;CDB;RF - Pós-fixado;;SEM_COBERTURA_BASE2;f79b7135-3152-4019-b768-deacbdaa04a2
BRINTLC0A1E1;;ISIN;CDB;RF - Inflação;;SEM_COBERTURA_BASE2;0961654e-fd91-4b32-afa9-936161f10cf0
CDBA246PSS7;;ISIN;CDB;RF - Prefixado;;SEM_COBERTURA_BASE2;f6a34643-08dc-449e-8598-0bb6fef09b27
CDB625AB8FU;;ISIN;CDB;RF - Inflação;;SEM_COBERTURA_BASE2;09dab92e-5687-4600-9f75-7aa95dadf910
CDB625AB7R0;;ISIN;CDB;RF - Inflação;;SEM_COBERTURA_BASE2;f65a7745-1456-4932-adb3-afdf78481c80
CDB3240M92B;;ISIN;CDB;RF - Inflação;;SEM_COBERTURA_BASE2;f629913a-ee2e-434a-ab55-60650dada90e
BRINTLC0B723;;ISIN;CDB;RF - Inflação;;SEM_COBERTURA_BASE2;0b1b49d9-4e14-4eef-962b-e204df4130a2
CDB7256UTV1;;ISIN;CDB;RF - Pós-fixado;;SEM_COBERTURA_BASE2;f2eef88d-7401-48fb-a64f-21205ee5d1a5
CDB624A1169;;ISIN;CDB;RF - Inflação;;SEM_COBERTURA_BASE2;f27ac1f5-647c-42ac-a10e-c2e30b98f4c1
CDB126942E1;;ISIN;CDB;RF - Pós-fixado;;SEM_COBERTURA_BASE2;f26aa91b-c158-46e1-a1f4-725215cafb62
CDB6257WI7R;;ISIN;CDB;RF - Pós-fixado;;SEM_COBERTURA_BASE2;f16db204-af39-4067-b329-229c94abebc4
CDB326A7UB6;;ISIN;CDB;RF - Pós-fixado;;SEM_COBERTURA_BASE2;f112c669-7dd9-4fbd-8e5f-afc5ee5d94e3
CDBB2422FFJ;;ISIN;CDB;RF - Inflação;;SEM_COBERTURA_BASE2;f0924b5d-96fa-413c-b925-60615a395343
CDB5252MBYS;;ISIN;CDB;RF - Prefixado;;SEM_COBERTURA_BASE2;e0a87d30-7738-4ad2-aec4-4a8c9bc7436f
CDB724BHGJK;;ISIN;CDB;RF - Inflação;;SEM_COBERTURA_BASE2;e0a6b99b-ebf9-433a-9fa0-420727d87b06
CDB005QBCPF;;ISIN;CDB;RF - Pós-fixado;;SEM_COBERTURA_BASE2;df874462-6435-4c50-a208-341be9138c1e
CDB2261JWA5;;ISIN;CDB;RF - Pós-fixado;;SEM_COBERTURA_BASE2;df81926a-c2bc-4331-848f-ada88b170eb8
CDB12307UHG;;ISIN;CDB;RF - Inflação;;SEM_COBERTURA_BASE2;da38a210-7fd3-4e81-8884-5ba2ef8453dd
CDB3253XWR3;;ISIN;CDB;RF - Pós-fixado;;SEM_COBERTURA_BASE2;d9a3666d-7d47-4988-80c0-e01c3a7ad7e2
CDBC25773AO;;ISIN;CDB;RF - Pós-fixado;;SEM_COBERTURA_BASE2;268c96c7-ed30-4316-be73-efc6d22b349d
CDB5266OZCB;;ISIN;CDB;RF - Pós-fixado;;SEM_COBERTURA_BASE2;d685f9e5-a497-429d-ae3d-805bddd45e1d
CDB82578G6O;;ISIN;CDB;RF - Pós-fixado;;SEM_COBERTURA_BASE2;d4293f45-a897-4f13-b438-182f6e90544e
CDB525A1XPA;;ISIN;CDB;RF - Prefixado;;SEM_COBERTURA_BASE2;d1db5b7c-94f5-4218-bc4b-7afff48d3fbb
CDBB239PCVV;;ISIN;CDB;RF - Pós-fixado;;SEM_COBERTURA_BASE2;d1a84e6a-d9cf-4e6f-8f0a-09d05174793a
CDB724BHGC0;;ISIN;CDB;RF - Inflação;;SEM_COBERTURA_BASE2;28be133d-c4b6-4b97-94bc-f3ff67c2f412
CDB8242POMN;;ISIN;CDB;RF - Pós-fixado;;SEM_COBERTURA_BASE2;d10457c8-9f38-4d13-8053-a24f96da05e5
CDB425330BT;;ISIN;CDB;RF - Pós-fixado;;SEM_COBERTURA_BASE2;d03f2448-de32-4f39-8eda-6150efadaff2
CDB526BEJJ2;;ISIN;CDB;RF - Pós-fixado;;SEM_COBERTURA_BASE2;d034564f-6133-477e-a16f-66e05b8191b7
CDB525A1OPF;;ISIN;CDB;RF - Pós-fixado;;SEM_COBERTURA_BASE2;29191007-7181-4cc3-836d-4b5a846c80ed
CDB005O7BR8;;ISIN;CDB;RF - Pós-fixado;;SEM_COBERTURA_BASE2;2d078f87-b25a-401f-9dec-1cb60d494ec7
CDBA24B6RWJ;;ISIN;CDB;RF - Pós-fixado;;SEM_COBERTURA_BASE2;2d171480-6038-4d53-b93b-f6ec03ed9acf
CDB8248N40Y;;ISIN;CDB;RF - Pós-fixado;;SEM_COBERTURA_BASE2;cdd3c518-09fe-48a3-81ef-aafd37f5adc9
CDB2251I3IC;;ISIN;CDB;RF - Inflação;;SEM_COBERTURA_BASE2;2d651de5-118f-4afa-ab5c-36807a1495fb
CDB5253FWDK;;ISIN;CDB;RF - Pós-fixado;;SEM_COBERTURA_BASE2;cd6bb503-0cbd-4d8e-a556-7c7b9d7f0da4
CDB222QGGZM;;ISIN;CDB;RF - Inflação;;SEM_COBERTURA_BASE2;cd3faca8-d7ce-4ec9-9505-b01a8d2cd5c8
CDB625BNN3P;;ISIN;CDB;RF - Pós-fixado;;SEM_COBERTURA_BASE2;2e3373fa-3f9d-45cd-a164-ce624aeb020d
CDB1259DJ0D;;ISIN;CDB;RF - Prefixado;;SEM_COBERTURA_BASE2;cce24adf-2a6b-4cfa-8433-a3a59104d8b6
CDB2236XODQ;;ISIN;CDB;RF - Inflação;;SEM_COBERTURA_BASE2;2ed4d2d8-bee8-4011-8c8c-4af5b943ad7a
BRC6CSC01ND3;;ISIN;CDB;RF - Prefixado;;SEM_COBERTURA_BASE2;2f5d1b71-9cdc-43d7-8956-921c147b5567
CDB6251S2LG;;ISIN;CDB;RF - Inflação;;SEM_COBERTURA_BASE2;cbeb5c19-6e85-42a6-bd66-142105080b3c
CDB5260X6D5;;ISIN;CDB;RF - Pós-fixado;;SEM_COBERTURA_BASE2;ca4993d8-4343-44ac-9d72-c77c7d3816d7
CDB4250RJ7W;;ISIN;CDB;RF - Inflação;;SEM_COBERTURA_BASE2;c8172ca1-010e-442c-8b6d-a698145a573e
CDB525A1X7P;;ISIN;CDB;RF - Inflação;;SEM_COBERTURA_BASE2;c8027e51-e522-40bb-92a6-d93370c74331
CDB4240P9YT;;ISIN;CDB;RF - Inflação;;SEM_COBERTURA_BASE2;c7ff1388-f678-452d-a059-a577afb7a27f
CDBC253GBUJ;;ISIN;CDB;RF - Pós-fixado;;SEM_COBERTURA_BASE2;c6dd168f-c15d-43b5-921c-fac7875fee82
CDB1261FGZL;;ISIN;CDB;RF - Prefixado;;SEM_COBERTURA_BASE2;c415c4e6-b284-45d6-a7bf-2a48b838ddc1
CDB62489S7U;;ISIN;CDB;RF - Pós-fixado;;SEM_COBERTURA_BASE2;3312370f-e96b-4b7f-8a07-8cc5bbac4637
CDBC245VTJA;;ISIN;CDB;RF - Inflação;;SEM_COBERTURA_BASE2;c401fa20-29c9-49e6-9c1a-89c7a21f2f96
CDB322FAZQQ;;ISIN;CDB;RF - Pós-fixado;;SEM_COBERTURA_BASE2;33494063-2853-4b13-ac31-abf31874aa63
CDB005N52C5;;ISIN;CDB;RF - Pós-fixado;;SEM_COBERTURA_BASE2;c32404c0-8959-4df0-955e-0753f2d70711
CDBC245W1TP;;ISIN;CDB;RF - Inflação;;SEM_COBERTURA_BASE2;33799c05-f739-4352-ad94-140c1d325057
CDB5253FVYL;;ISIN;CDB;RF - Prefixado;;SEM_COBERTURA_BASE2;33a71473-ed2d-4262-b6eb-e2f81eceb366
CDB7258HOBE;;ISIN;CDB;RF - Pós-fixado;;SEM_COBERTURA_BASE2;c1d298a8-919d-449b-842e-be47a3c4c873
BRINTLC0AH37;;ISIN;CDB;RF - Inflação;;SEM_COBERTURA_BASE2;c0d4f7e5-1d25-4f05-ad47-f37d0b033895
CDB5247ZG9Q;;ISIN;CDB;RF - Inflação;;SEM_COBERTURA_BASE2;c0bf2359-747d-465e-9372-3e20e54a223d
CDB3269QGNY;;ISIN;CDB;RF - Pós-fixado;;SEM_COBERTURA_BASE2;c063c078-a60b-41d7-8020-60cce31751e1
CDB525D4SLY;;ISIN;CDB;RF - Pós-fixado;;SEM_COBERTURA_BASE2;bff705fa-c138-479f-9b37-1b45fa8f0a90
CDBC24CM6VM;;ISIN;CDB;RF - Prefixado;;SEM_COBERTURA_BASE2;36ec145f-d169-4e4c-b4af-06c6dd01e7d9
CDB224ALQU6;;ISIN;CDB;RF - Inflação;;SEM_COBERTURA_BASE2;bddd0e47-f8d0-48d4-9bf8-0df54e5ab111
CDBC250NM1K;;ISIN;CDB;RF - Pós-fixado;;SEM_COBERTURA_BASE2;bd411d81-7dd7-403e-9365-0ec445c9fad5
CDB724BHEH2;;ISIN;CDB;RF - Pós-fixado;;SEM_COBERTURA_BASE2;bd337923-71c0-45f4-8ba8-000d1a7c0461
CDB5252LTRX;;ISIN;CDB;RF - Inflação;;SEM_COBERTURA_BASE2;bcb657d0-97ba-40ff-b600-21b6755f160d
CDB7251Z91P;;ISIN;CDB;RF - Pós-fixado;;SEM_COBERTURA_BASE2;38740177-1430-4755-a3e4-eb6d74baf3b8
CDB005OD292;;ISIN;CDB;RF - Pós-fixado;;SEM_COBERTURA_BASE2;bbe40437-dd20-48a7-b08a-dfb02a70fc2a
CDB325C2IRZ;;ISIN;CDB;RF - Pós-fixado;;SEM_COBERTURA_BASE2;bb2ae760-db40-40fa-b747-938e2f354b72
CDB6259S4YM;;ISIN;CDB;RF - Pós-fixado;;SEM_COBERTURA_BASE2;3a4f2783-6775-48e3-96c3-66d2243bdf2f
BRINTLC0AGQ7;;ISIN;CDB;RF - Inflação;;SEM_COBERTURA_BASE2;bae6307e-91a1-4c50-adf1-a729ed8b62d0
CDB424DEODN;;ISIN;CDB;RF - Inflação;;SEM_COBERTURA_BASE2;bab63efc-e1e4-4fd6-9fc7-d09cfc932416
CDB005Q6PJJ;;ISIN;CDB;RF - Pós-fixado;;SEM_COBERTURA_BASE2;ba685ad2-d020-4bd3-9e97-b73391b2e0dc
CDBA246PSTK;;ISIN;CDB;RF - Prefixado;;SEM_COBERTURA_BASE2;3c6624ef-e4b4-448e-ab7a-bfc60bbdc2b7
CDB424CYHJU;;ISIN;CDB;RF - Prefixado;;SEM_COBERTURA_BASE2;b912193f-22f1-41ed-acbd-ff430a573099
CDBB25BUWP9;;ISIN;CDB;RF - Pós-fixado;;SEM_COBERTURA_BASE2;3ee080e0-c4ef-418f-a57a-a99da1f370fe
CDB005OU14P;;ISIN;CDB;RF - Pós-fixado;;SEM_COBERTURA_BASE2;b7831086-dc4c-41ba-b6e9-68589f19cfd5
CDB724384VE;;ISIN;CDB;RF - Prefixado;;SEM_COBERTURA_BASE2;b734034f-6016-4c1c-ac91-23190557f2cf
CDB52622ZBZ;;ISIN;CDB;RF - Prefixado;;SEM_COBERTURA_BASE2;408acc8d-5829-4dde-b0e6-9a75efb3cb82
CDB82491J79;;ISIN;CDB;RF - Inflação;;SEM_COBERTURA_BASE2;b304ce53-aa59-40f5-be74-3b461338d585
CDB62595XXZ;;ISIN;CDB;RF - Pós-fixado;;SEM_COBERTURA_BASE2;41880de1-2987-4466-b2b6-93dd8677d400
CDB625AB3PP;;ISIN;CDB;RF - Inflação;;SEM_COBERTURA_BASE2;b103c43a-9eea-40b7-9191-e432abe49c91
CDBC2576D6X;;ISIN;CDB;RF - Pós-fixado;;SEM_COBERTURA_BASE2;b0af648b-e9c0-4fb4-82f7-5c78503d092b
CDB4266OU7A;;ISIN;CDB;RF - Pós-fixado;;SEM_COBERTURA_BASE2;b0433ce3-a09d-44ec-a413-28b85ad364b0
CDB4255ZZG9;;ISIN;CDB;RF - Pós-fixado;;SEM_COBERTURA_BASE2;af8b3907-6244-437c-aa9a-c0c2d40ddcba
CDB326BY7HG;;ISIN;CDB;RF - Inflação;;SEM_COBERTURA_BASE2;adb05b1c-d3be-41ad-8dba-1e9cb1728b07
CDB005N52A8;;ISIN;CDB;RF - Pós-fixado;;SEM_COBERTURA_BASE2;42c84894-50f5-427f-b5ea-5614e76587d6
CDB525A1X7E;;ISIN;CDB;RF - Inflação;;SEM_COBERTURA_BASE2;ad8c8ab6-015f-4502-bcd8-cb7bd6bc418e
CDB5247ZF32;;ISIN;CDB;RF - Prefixado;;SEM_COBERTURA_BASE2;ab0bb3f8-c072-4a60-a865-7f58803a59fc
CDB7246U5U4;;ISIN;CDB;RF - Pós-fixado;;SEM_COBERTURA_BASE2;aaf543b0-6bc9-41f2-aafc-dce86fa18f05
CDB62596PPE;;ISIN;CDB;RF - Pós-fixado;;SEM_COBERTURA_BASE2;4571c1a8-c2a6-4161-8bab-7d2e47dabb40
CDBB239PD6Y;;ISIN;CDB;RF - Pós-fixado;;SEM_COBERTURA_BASE2;45893b1f-8f3e-4bea-a96b-ab3779459a6c
CDB5256M3AR;;ISIN;CDB;RF - Pós-fixado;;SEM_COBERTURA_BASE2;45962dbb-e520-44fd-87a7-7d2bc9648a42
CDB62489USB;;ISIN;CDB;RF - Prefixado;;SEM_COBERTURA_BASE2;45ad2c1f-3cf0-4e4d-93f0-4083ec7d5ba5
CDBC246U176;;ISIN;CDB;RF - Pós-fixado;;SEM_COBERTURA_BASE2;aa1c0d62-3bec-4f14-be41-846ad47ea88e
CDBB23AMWQ1;;ISIN;CDB;RF - Pós-fixado;;SEM_COBERTURA_BASE2;a9c69f1c-7905-4fba-825c-f739f1aa54a9
CDB625AB8RJ;;ISIN;CDB;RF - Pós-fixado;;SEM_COBERTURA_BASE2;a8e57bd3-f34a-4c21-9d9d-b57038b73d5d
CDB5252MEJN;;ISIN;CDB;RF - Pós-fixado;;SEM_COBERTURA_BASE2;46bf4a13-1042-4077-9a05-307dc37c5bbe
CDB5247ZF2O;;ISIN;CDB;RF - Pós-fixado;;SEM_COBERTURA_BASE2;a7791ff7-d13c-41d2-b1f9-5865cf388bb5
CDB3245QSCG;;ISIN;CDB;RF - Inflação;;SEM_COBERTURA_BASE2;a7424435-44b0-4758-b772-0234644743d4
CDB224ALQFE;;ISIN;CDB;RF - Inflação;;SEM_COBERTURA_BASE2;a62f4cd4-b89a-4627-a6a7-986e19795b30
CDB32587GB4;;ISIN;CDB;RF - Pós-fixado;;SEM_COBERTURA_BASE2;47f16493-d386-46d7-bb41-94d389e8a9c5
CDB72426UVL;;ISIN;CDB;RF - Prefixado;;SEM_COBERTURA_BASE2;a5f8dd6e-3db6-4d05-ba66-a7793e8d3ff4
CDB225BIZW5;;ISIN;CDB;RF - Pós-fixado;;SEM_COBERTURA_BASE2;a55853bc-e9e5-4229-bb3d-d919d39f4c44
CDBC247FV9K;;ISIN;CDB;RF - Prefixado;;SEM_COBERTURA_BASE2;4ab725e0-99b4-46a5-8563-684f5fe8366e
CDB326DIRK1;;ISIN;CDB;RF - Pós-fixado;;SEM_COBERTURA_BASE2;4b815cd2-1e86-46f6-8c41-9f27138431b7
CDB8253N5EF;;ISIN;CDB;RF - Pós-fixado;;SEM_COBERTURA_BASE2;4bb963a8-e254-4be4-80ea-536028841610
CDB8249WIW3;;ISIN;CDB;RF - Pós-fixado;;SEM_COBERTURA_BASE2;4c27a233-426b-48a1-8929-b12cf072e21b
CDB72427070;;ISIN;CDB;RF - Prefixado;;SEM_COBERTURA_BASE2;a331520e-b36e-47a8-8655-7f581375e9b9
CDBC24CM8UX;;ISIN;CDB;RF - Prefixado;;SEM_COBERTURA_BASE2;a318b267-ad34-42df-9471-da98b9813ba8
CDB7242RB03;;ISIN;CDB;RF - Inflação;;SEM_COBERTURA_BASE2;a28dbf56-ac4b-4c91-9c97-f1bf5f134aba
CDB6251S0NQ;;ISIN;CDB;RF - Pós-fixado;;SEM_COBERTURA_BASE2;4e540a66-d085-4f46-9baa-aaf77b47648c
CDB005OP390;;ISIN;CDB;RF - Pós-fixado;;SEM_COBERTURA_BASE2;4fe7edc1-dc28-4662-a358-357584b85db4
CDBB247AFGY;;ISIN;CDB;RF - Pós-fixado;;SEM_COBERTURA_BASE2;a0eb90a4-f217-4fdc-8bfa-d55ccedde60d
CDB3245Q7H1;;ISIN;CDB;RF - Pós-fixado;;SEM_COBERTURA_BASE2;a01d68b9-8957-4930-a8f7-58142259576d
CDBB240INAJ;;ISIN;CDB;RF - Pós-fixado;;SEM_COBERTURA_BASE2;9f6c0f1a-b955-491a-bd13-8650f719cdd4
CDB524D0CTJ;;ISIN;CDB;RF - Prefixado;;SEM_COBERTURA_BASE2;9df914e5-0091-4955-a6b1-027a945bebd0
CDB425C8UN0;;ISIN;CDB;RF - Pós-fixado;;SEM_COBERTURA_BASE2;9c40082c-db61-4b8c-90dc-ecd5f8248dc3
CDB222EYE2R;;ISIN;CDB;RF - Pós-fixado;;SEM_COBERTURA_BASE2;52eb0a62-1795-4f07-b7a7-73a53d544397
CDB625ABA14;;ISIN;CDB;RF - Pós-fixado;;SEM_COBERTURA_BASE2;9be7eacd-89c6-40b5-aff1-c54bfc5c3da6
CDB625BNNXF;;ISIN;CDB;RF - Pós-fixado;;SEM_COBERTURA_BASE2;9b79eb51-068a-496b-b68c-c5340691d30b
CDB326CZ7JQ;;ISIN;CDB;RF - Pós-fixado;;SEM_COBERTURA_BASE2;56044118-e366-4981-aea3-88a659814f69
CDB5253FL6H;;ISIN;CDB;RF - Inflação;;SEM_COBERTURA_BASE2;56383602-ecfa-4f72-9712-42cf870158f8
CDB924AMVOW;;ISIN;CDB;RF - Inflação;;SEM_COBERTURA_BASE2;9a4f0c08-8a03-422c-befd-6bd8432d2b61
CDBC256TSWR;;ISIN;CDB;RF - Inflação;;SEM_COBERTURA_BASE2;56e6d645-8378-4a2e-9eae-282f79948444
CDB1253N3II;;ISIN;CDB;RF - Pós-fixado;;SEM_COBERTURA_BASE2;974d6385-f91f-4ded-b7dd-4ae00472bfc7
CDB126AROX4;;ISIN;CDB;RF - Inflação;;SEM_COBERTURA_BASE2;973ba504-4218-4e55-a07b-d729e099d42a
CDBC24BFRG9;;ISIN;CDB;RF - Pós-fixado;;SEM_COBERTURA_BASE2;96ff51e1-adec-4eb0-b22a-64f298fd7dd4
CDB92361I3O;;ISIN;CDB;RF - Pós-fixado;;SEM_COBERTURA_BASE2;95a4bf16-0f1a-46c2-b7ca-c659ab7c2da8
CDB424CYJAE;;ISIN;CDB;RF - Pós-fixado;;SEM_COBERTURA_BASE2;580de837-9088-4021-9d54-14d72a921ff6
BRINTLC0ALP9;;ISIN;CDB;RF - Inflação;;SEM_COBERTURA_BASE2;93efb31f-3aa5-4a4f-8a69-1cb863ceedb2
CDB325607WU;;ISIN;CDB;RF - Inflação;;SEM_COBERTURA_BASE2;93c514cd-c8be-410b-a603-1da974dd0668
CDB8258GH20;;ISIN;CDB;RF - Pós-fixado;;SEM_COBERTURA_BASE2;59400f77-160e-45f7-a52f-c30e625d6f76
CDB005K3RVZ;;ISIN;CDB;RF - Pós-fixado;;SEM_COBERTURA_BASE2;595afe6c-a2e6-4cc0-8054-19ad38ea45ab
CDB7242R9D3;;ISIN;CDB;RF - Prefixado;;SEM_COBERTURA_BASE2;92a3ae76-e251-4a5c-9ba8-75c648e41292
CDB425B5MYF;;ISIN;CDB;RF - Inflação;;SEM_COBERTURA_BASE2;8f82c7ed-56cc-4747-9f96-b1ee3e6f1bca
CDBC245VIDZ;;ISIN;CDB;RF - Inflação;;SEM_COBERTURA_BASE2;5a8b7afa-4751-4933-ac71-a48f28a4e581
CDB4240PAG5;;ISIN;CDB;RF - Pós-fixado;;SEM_COBERTURA_BASE2;5b3f80b4-e23a-4500-a895-7f2173ed8689
CDB4250SA52;;ISIN;CDB;RF - Pós-fixado;;SEM_COBERTURA_BASE2;5b7c9c87-5f55-4243-af2c-5d9f9299e483
CDBC257Y4PV;;ISIN;CDB;RF - Pós-fixado;;SEM_COBERTURA_BASE2;5c9f4621-9b87-4afc-8734-86b51d4f1270
CDBB255Y728;;ISIN;CDB;RF - Inflação;;SEM_COBERTURA_BASE2;899cadb4-dd03-43a4-ab15-d6f0c4fc717e
CDB326DIROF;;ISIN;CDB;RF - Pós-fixado;;SEM_COBERTURA_BASE2;5d4e469d-4be7-464e-8e68-f966d04b4fe9
CDBC257XXVR;;ISIN;CDB;RF - Pós-fixado;;SEM_COBERTURA_BASE2;885b290a-a1eb-477c-a8ac-b69bdea0cc4f
CDB5253FWDE;;ISIN;CDB;RF - Inflação;;SEM_COBERTURA_BASE2;5e8b6d36-6715-4830-b1b2-b4a8881d7918
CDB62640E4V;;ISIN;CDB;RF - Prefixado;;SEM_COBERTURA_BASE2;881ae7da-6e09-481c-a6ea-ece4061de293
CDB6257WIUK;;ISIN;CDB;RF - Pós-fixado;;SEM_COBERTURA_BASE2;5ee63f63-b3d2-4d1a-94cf-b56980d04c0c
CDB326BY48R;;ISIN;CDB;RF - Pós-fixado;;SEM_COBERTURA_BASE2;5f75aa6f-569c-4499-ac5b-6fecaddadf5a
BRBPANC0H6Y7;;ISIN;CDB;RF - Prefixado;;SEM_COBERTURA_BASE2;805d63f4-0a3a-4298-848d-dff774b24c53
CDB7245UPPM;;ISIN;CDB;RF - Pós-fixado;;SEM_COBERTURA_BASE2;601dd36f-7700-4e67-8184-29d7fb0a81ca
CDB42532TX7;;ISIN;CDB;RF - Pós-fixado;;SEM_COBERTURA_BASE2;6425963f-4e29-471d-939f-0ab634d72c6f
CDB4257QI2C;;ISIN;CDB;RF - Pós-fixado;;SEM_COBERTURA_BASE2;6561a3d2-0be0-4d8d-a7cd-ef32169e2e21
CDB7258HOB2;;ISIN;CDB;RF - Pós-fixado;;SEM_COBERTURA_BASE2;665ccb56-649b-42f4-820c-d6b98294e7fa
CDB9248EYKR;;ISIN;CDB;RF - Inflação;;SEM_COBERTURA_BASE2;7b846ba7-fb55-4e14-8a22-bb5b442fe53e
CDBC256TOKR;;ISIN;CDB;RF - Pós-fixado;;SEM_COBERTURA_BASE2;7b4055dd-c628-4d7a-8d40-e92dfa0752e5
CDBA23CEZCA;;ISIN;CDB;RF - Prefixado;;SEM_COBERTURA_BASE2;7ada219d-524e-477c-9be9-76ab3c2f6d82
CDBB23AMW07;;ISIN;CDB;RF - Prefixado;;SEM_COBERTURA_BASE2;7a760601-e6c6-41a5-80b8-152c14f694a8
BRBPACC0HM57;;ISIN;CDB;RF - Pós-fixado;;SEM_COBERTURA_BASE2;68d93780-6891-4d20-bbab-c720a9628b26
CDB42483IHH;;ISIN;CDB;RF - Prefixado;;SEM_COBERTURA_BASE2;77628f84-3e38-48e2-887f-49779cd1a3b0
CDB525A1XP0;;ISIN;CDB;RF - Pós-fixado;;SEM_COBERTURA_BASE2;76b07eb1-742e-4296-a6c5-6ed40fc10319
CDB425B5N6P;;ISIN;CDB;RF - Pós-fixado;;SEM_COBERTURA_BASE2;6915fe6f-74e0-4244-a992-f9c8c4c459d6
CDBC257XPJ4;;ISIN;CDB;RF - Pós-fixado;;SEM_COBERTURA_BASE2;747d9989-af3f-427a-9f3a-71664b261bf6
CDB6248PGC3;;ISIN;CDB;RF - Pós-fixado;;SEM_COBERTURA_BASE2;69ef07d2-acee-4bc3-a852-a14bda8df2bd
CDBC249VYSW;;ISIN;CDB;RF - Prefixado;;SEM_COBERTURA_BASE2;70a3b8e2-1f6d-427d-ad81-9fe40379a970
CDB223U2FHL;;ISIN;CDB;RF - Inflação;;SEM_COBERTURA_BASE2;702e2f4c-8080-4a62-9d54-df5cba61cc8c
CDB3216RZXA;;ISIN;CDB;RF - Inflação;;SEM_COBERTURA_BASE2;12d9dfd9-3102-4e30-86d0-34a56ecf5ef5
CDB7242RAQ9;;ISIN;CDB;RF - Pós-fixado;;SEM_COBERTURA_BASE2;130741cc-51b4-41de-bf1c-f89cf2240db7
CDB424BMU43;;ISIN;CDB;RF - Inflação;;SEM_COBERTURA_BASE2;ee63da68-98c9-4ea8-aae3-2b12c6ec1b28
CDB524BFK2F;;ISIN;CDB;RF - Pós-fixado;;SEM_COBERTURA_BASE2;ee4c8094-cd6c-4969-af00-7beb8ca3d5b8
CDB126B8V3N;;ISIN;CDB;RF - Pós-fixado;;SEM_COBERTURA_BASE2;eded6dd6-cd45-429b-a31e-eb361829b239
CDB126871ZQ;;ISIN;CDB;RF - Pós-fixado;;SEM_COBERTURA_BASE2;14f43f65-44f5-412f-aec9-d2ed33a0e241
CDB322B1284;;ISIN;CDB;RF - Pós-fixado;;SEM_COBERTURA_BASE2;16adeae4-cd10-4ff3-a0b6-e6bd2a55958c
CDB005Q2B2D;;ISIN;CDB;RF - Pós-fixado;;SEM_COBERTURA_BASE2;1751573e-49c9-4900-bed0-00d351208837
CDB3261XSDT;;ISIN;CDB;RF - Pós-fixado;;SEM_COBERTURA_BASE2;177e6644-f28d-44be-a0d4-a8d2fa73f693
CDB625BM237;;ISIN;CDB;RF - Pós-fixado;;SEM_COBERTURA_BASE2;17822115-d887-46cd-85b1-7b309b1d06bf
CDB42532VOI;;ISIN;CDB;RF - Pós-fixado;;SEM_COBERTURA_BASE2;17b31056-59f6-4481-ae0a-134f75b50e71
CDBB240INN6;;ISIN;CDB;RF - Pós-fixado;;SEM_COBERTURA_BASE2;ebd39ee1-adc9-41fe-adcd-beb5ab1d6d70
CDB6252TMKR;;ISIN;CDB;RF - Pós-fixado;;SEM_COBERTURA_BASE2;ea53720f-b164-4740-be41-bd6d4b67e736
CDBA25CYBQ3;;ISIN;CDB;RF - Pós-fixado;;SEM_COBERTURA_BASE2;ea25301a-88f4-45f4-be9d-ed146278b786
CDB7258HOBH;;ISIN;CDB;RF - Pós-fixado;;SEM_COBERTURA_BASE2;e9d5a173-77e0-4010-9589-88d7ebbcf449
CDB5252MDXD;;ISIN;CDB;RF - Pós-fixado;;SEM_COBERTURA_BASE2;1a2d819b-6043-4392-8681-debf4a55f3a7
CDBC248TNOB;;ISIN;CDB;RF - Prefixado;;SEM_COBERTURA_BASE2;e7983fca-dcec-4692-98f4-9bba2bfb4eae
CDB1254S6SX;;ISIN;CDB;RF - Inflação;;SEM_COBERTURA_BASE2;1ad1f6c8-67c4-4328-b69c-936a6963a79b
CDB3262V85T;;ISIN;CDB;RF - Pós-fixado;;SEM_COBERTURA_BASE2;1b1d86dc-aee0-4041-87a7-05c42385c295
CDB7240IF71;;ISIN;CDB;RF - Prefixado;;SEM_COBERTURA_BASE2;e6f8e1ab-b331-43c2-b9c1-14cfb7444131
CDB1269KOKD;;ISIN;CDB;RF - Pós-fixado;;SEM_COBERTURA_BASE2;1c5cdfbf-d0d0-4321-98cb-faf1c3ea197d
CDB42483JRZ;;ISIN;CDB;RF - Inflação;;SEM_COBERTURA_BASE2;1c885089-02a6-4939-befa-c5ba13226fc7
CDBB240IXLF;;ISIN;CDB;RF - Pós-fixado;;SEM_COBERTURA_BASE2;e6d58c12-f56c-46ac-8186-ef7ae6e95fe0
CDB4252H8XU;;ISIN;CDB;RF - Inflação;;SEM_COBERTURA_BASE2;1d6aa448-97a8-4a34-9441-52d863e12a97
CDB52552RWL;;ISIN;CDB;RF - Prefixado;;SEM_COBERTURA_BASE2;e323a4d3-5450-4f22-b04d-e9faa5eb245e
CDB326CZ79R;;ISIN;CDB;RF - Pós-fixado;;SEM_COBERTURA_BASE2;1ff863ee-7f70-4b72-9dbf-06b71a6db0a1
CDB226ALL5U;;ISIN;CDB;RF - Prefixado;;SEM_COBERTURA_BASE2;200fcb18-739c-4c17-b680-cc204ce8c013
CDB5259IZP0;;ISIN;CDB;RF - Inflação;;SEM_COBERTURA_BASE2;e2ea9674-6160-4e75-8e95-a3dcd18f6f10
CDB425B5NSV;;ISIN;CDB;RF - Inflação;;SEM_COBERTURA_BASE2;e2201527-c5ba-4af1-86e0-dd208d55a509
CDB22433O2P;;ISIN;CDB;RF - Pós-fixado;;SEM_COBERTURA_BASE2;20b07a55-a92c-4557-babc-f368bfd9c21c
CDB5254CUC2;;ISIN;CDB;RF - Inflação;;SEM_COBERTURA_BASE2;e147e8ea-1cf3-423e-ae07-447e1d60616f
CDB62489V5P;;ISIN;CDB;RF - Prefixado;;SEM_COBERTURA_BASE2;e103f8da-dda7-4896-b0d6-e3f45143c967
CDB625COK4H;;ISIN;CDB - BANCO VOTORANTIM S/A;RF - Inflação;;SEM_COBERTURA_BASE2;ee86d91f-b3da-482a-9859-d57e417bd6d4
CDB9250NYL3;;ISIN;CDB PRE - BANCO C6 CONSIGNADO S.A.;RF - Pós-fixado;;SEM_COBERTURA_BASE2;2a754b8d-5220-4bcb-b56d-cc4fc5ae32df
BREGHTCDC052;;ISIN;CDCA;RF - Prefixado;;SEM_COBERTURA_BASE2;dfd0c6ae-4e81-4385-803f-69c481effc56
BREGHTCDC003;;ISIN;CDCA;RF - Pós-fixado;;SEM_COBERTURA_BASE2;d744ffe3-b00e-4d57-bdb0-88da2002e850
BRVAMOCDC019;;ISIN;CDCA;RF - Inflação;;SEM_COBERTURA_BASE2;aaa5af68-e6ea-4299-b513-138a1e49395f
BREGHTCDC086;;ISIN;CDCA;RF - Prefixado;;SEM_COBERTURA_BASE2;70d65583-167a-421d-a309-485e88e5ee30
BREGHTCDC060;;ISIN;CDCA;RF - Pós-fixado;;SEM_COBERTURA_BASE2;33968fec-7099-4549-a8b3-4f3557c5ce00
BREGHTCDC011;;ISIN;CDCA;RF - Inflação;;SEM_COBERTURA_BASE2;5a78e3bc-45c1-4225-9bee-bcd592b350d3
BREGHTCDC029;;ISIN;CDCA;RF - Prefixado;;SEM_COBERTURA_BASE2;53862650-a98d-4047-ae9f-63c20425a22d
BREGHTCDC078;;ISIN;CDCA;RF - Inflação;;SEM_COBERTURA_BASE2;333ca609-3a96-4acc-9a4d-06e0d031d2b9
BRVAMOCDC001;;ISIN;CDCA;RF - Prefixado;;SEM_COBERTURA_BASE2;b8954212-d756-47f1-8989-6ccf14ea5702
BREGHTCDC037;;ISIN;CDCA;RF - Pós-fixado;;SEM_COBERTURA_BASE2;918fa545-6434-48b0-b455-41d8b73e8823
38064885000165;;CNPJ;CHINA ADVANTAGE FIM CrPr IE ACCESS;Multimercado;;SEM_COBERTURA_BASE2;9a8e73a3-359b-4228-b9f1-6f0c3c56848e
BRIMWLCRA903;;ISIN;CRA;RF - Pós-fixado;;SEM_COBERTURA_BASE2;3fae6e8e-127f-47d9-b7b0-cc9f65b7aaae
BRIMWLCRA0P7;;ISIN;CRA;RF - Inflação;;SEM_COBERTURA_BASE2;b8028bf3-badd-4e74-8841-4a9db738333f
BRECOACRAG27;;ISIN;CRA;RF - Prefixado;;SEM_COBERTURA_BASE2;f6274628-8f70-470e-acff-c80ff90158fc
BRVERTCRA1Z6;;ISIN;CRA;RF - Inflação;;SEM_COBERTURA_BASE2;7a1ef7e0-ca31-4630-a3a8-2fd2a13abca0
BRVERTCRA2C3;;ISIN;CRA;RF - Inflação;;SEM_COBERTURA_BASE2;9abf6da3-4b31-49a5-8eee-017081a31564
BRIMWLCRA7H9;;ISIN;CRA;RF - Prefixado;;SEM_COBERTURA_BASE2;e636f7d4-f7b6-449b-97a1-173f1cd724dc
BRECOACRA952;;ISIN;CRA;RF - Pós-fixado;;SEM_COBERTURA_BASE2;e419b17d-7f95-4d6c-8d21-3228527a6fe9
BRASECCRA086;;ISIN;CRA;RF - Pós-fixado;;SEM_COBERTURA_BASE2;83e6e88b-82be-4754-aab4-8c8cf0714ec7
BRRBRACRA5R4;;ISIN;CRA;RF - Prefixado;;SEM_COBERTURA_BASE2;1de0d927-4ce3-47fc-b127-75df6c12fd88
BRIMWLCRAAG7;;ISIN;CRA;RF - Inflação;;SEM_COBERTURA_BASE2;e38ecc0c-de30-4537-ab12-864f97c3ab05
BRRBRACRA3S7;;ISIN;CRA;RF - Inflação;;SEM_COBERTURA_BASE2;1e779f7e-f1aa-4c1d-862f-6c0b3779cabe
BRIMWLCRA6R0;;ISIN;CRA;RF - Inflação;;SEM_COBERTURA_BASE2;1e90921e-057c-4774-8e90-0973c7c1fb21
BRAPCSCRA0U9;;ISIN;CRA;RF - Inflação;;SEM_COBERTURA_BASE2;70f20bfc-4419-49f6-b896-8ef01140132c
BRVERTCRA492;;ISIN;CRA;RF - Pós-fixado;;SEM_COBERTURA_BASE2;1f4c5369-d593-4431-8b12-7a2eaf3a0f39
BRECOACRAFX1;;ISIN;CRA;RF - Inflação;;SEM_COBERTURA_BASE2;f0418e31-2db8-44a5-a58f-74cb69436b4e
BRECOACRA986;;ISIN;CRA;RF - Inflação;;SEM_COBERTURA_BASE2;b13a0281-c926-4cca-90a1-4517c7efc6b6
BRECOACRACM1;;ISIN;CRA;RF - Pós-fixado;;SEM_COBERTURA_BASE2;4128a218-af19-48e4-b1ed-f0e5c73bae30
BRECOACRA7F2;;ISIN;CRA;RF - Inflação;;SEM_COBERTURA_BASE2;20211699-e800-468e-b5ad-8f511281cfb5
BRECOACRAGS9;;ISIN;CRA;RF - Inflação;;SEM_COBERTURA_BASE2;833507e9-9ed2-4cc8-9633-bfc094116016
BRECOACRAJY1;;ISIN;CRA;RF - Pós-fixado;;SEM_COBERTURA_BASE2;206d273a-c60e-4ce4-8cf9-d8aa725a750b
BRRBRACRA637;;ISIN;CRA;RF - Pós-fixado;;SEM_COBERTURA_BASE2;b1065c9a-b228-4061-869a-393e93add6a8
BRIMWLCRAAX2;;ISIN;CRA;RF - Pós-fixado;;SEM_COBERTURA_BASE2;56b1a644-9ed1-46dc-8a2c-9452cdbd6227
BRECOACRA4D4;;ISIN;CRA;RF - Inflação;;SEM_COBERTURA_BASE2;e1cd7960-5d16-4a07-b602-f90c8d321105
BRECOACRAF02;;ISIN;CRA;RF - Inflação;;SEM_COBERTURA_BASE2;20efda50-d447-45e3-9609-f37373920a11
BRVERTCRA4M8;;ISIN;CRA;RF - Pós-fixado;;SEM_COBERTURA_BASE2;091f6989-3d15-44f8-9cff-298bf40430b4
BRECOACRAB14;;ISIN;CRA;RF - Pós-fixado;;SEM_COBERTURA_BASE2;21b82ce3-1b07-40b8-b5d1-a48d1ad64fb8
BRECOACRAG35;;ISIN;CRA;RF - Inflação;;SEM_COBERTURA_BASE2;21df25e7-3a1c-4d5e-bfd7-7f2c542deb89
BRRBRACRA6O9;;ISIN;CRA;RF - Pós-fixado;;SEM_COBERTURA_BASE2;99b19484-1832-40e5-9d5e-3505cad46a2d
BRECOACRAFU7;;ISIN;CRA;RF - Prefixado;;SEM_COBERTURA_BASE2;82db1a08-9158-441c-b542-1290be8ca3fd
BRECOACRAF10;;ISIN;CRA;RF - Prefixado;;SEM_COBERTURA_BASE2;98a47c0d-d190-40b5-aa95-c20adf0eec91
BRECOACRAEQ8;;ISIN;CRA;RF - Pós-fixado;;SEM_COBERTURA_BASE2;2237ab60-cc0a-4cd6-8e41-c2c4c4c178ce
BRRBRACRA5S2;;ISIN;CRA;RF - Pós-fixado;;SEM_COBERTURA_BASE2;f0654037-0c4b-469a-87a4-b394759dbd0c
BRRBRACRA3T5;;ISIN;CRA;RF - Prefixado;;SEM_COBERTURA_BASE2;dff2b037-bba7-41ed-ade5-350a32012374
BRECOACRALP5;;ISIN;CRA;RF - Prefixado;;SEM_COBERTURA_BASE2;af288d2f-719e-4765-82b6-d467fe5c4e2b
BRCASCCRA1G1;;ISIN;CRA;RF - Pós-fixado;;SEM_COBERTURA_BASE2;22e7b7be-c66f-4519-bd6f-dcbc4055a08a
BRIMWLCRA6T6;;ISIN;CRA;RF - Pós-fixado;;SEM_COBERTURA_BASE2;97d27771-8459-40ea-93e9-24d2aa48fc1c
BRRBRACRA7W0;;ISIN;CRA;RF - Prefixado;;SEM_COBERTURA_BASE2;df72168f-486a-498b-9db0-f4f40e5f8796
BRECOACRA9U7;;ISIN;CRA;RF - Inflação;;SEM_COBERTURA_BASE2;de71d7dd-932a-42e5-b4d3-b48d52a80412
BRECOACRAH42;;ISIN;CRA;RF - Prefixado;;SEM_COBERTURA_BASE2;ddb6d197-b0ca-45c7-9c93-5e2b4a27f9e5
BRIMWLCRA4M6;;ISIN;CRA;RF - Inflação;;SEM_COBERTURA_BASE2;25fad71a-9a94-429c-908a-76d268e2b62c
BRRBRACRA4R7;;ISIN;CRA;RF - Pós-fixado;;SEM_COBERTURA_BASE2;feea763e-c954-496b-8422-0808043d86d3
BRVERTCRA2S9;;ISIN;CRA;RF - Inflação;;SEM_COBERTURA_BASE2;d9803ad3-a1ce-40af-a2a8-2db5db984b04
BRRBRACRA3E7;;ISIN;CRA;RF - Inflação;;SEM_COBERTURA_BASE2;0ed0f383-3ac6-4846-a333-6d77e67795c5
BRECOACRAC13;;ISIN;CRA;RF - Pós-fixado;;SEM_COBERTURA_BASE2;7fd99bf9-4745-4356-beed-538ed1fd1b3c
BRECOACRAIY3;;ISIN;CRA;RF - Inflação;;SEM_COBERTURA_BASE2;d8d38341-a7ba-4c52-a480-5823ed8921cd
BRIMWLCRA101;;ISIN;CRA;RF - Inflação;;SEM_COBERTURA_BASE2;962263b8-df0f-49b3-ace2-066ad932a760
BRVERTCRA310;;ISIN;CRA;RF - Inflação;;SEM_COBERTURA_BASE2;27ab54b3-ae52-49b0-ae84-28050a5f8d82
BRRBRACRICE8;;ISIN;CRA;RF - Pós-fixado;;SEM_COBERTURA_BASE2;aa868d26-83bf-4428-8291-0e1947904955
BRECOACRAMA5;;ISIN;CRA;RF - Pós-fixado;;SEM_COBERTURA_BASE2;fe8665b7-9f20-4f08-9804-42d2625a5626
BRECOACRAJ16;;ISIN;CRA;RF - Pós-fixado;;SEM_COBERTURA_BASE2;956f86d2-1cf5-4e2e-9027-49592f87ea08
BRECOACRAHG2;;ISIN;CRA;RF - Pós-fixado;;SEM_COBERTURA_BASE2;7eae02dd-bbcf-4314-a857-5933bfdf82ec
BRIMWLCRA6W0;;ISIN;CRA;RF - Prefixado;;SEM_COBERTURA_BASE2;9548ecc3-3809-49e2-aaea-05710a307010
BRIMWLCRA713;;ISIN;CRA;RF - Pós-fixado;;SEM_COBERTURA_BASE2;fb900556-ea1f-4ea9-84bc-fc4c54c95308
BRRBRACRA363;;ISIN;CRA;RF - Prefixado;;SEM_COBERTURA_BASE2;624fc82f-f640-4f82-bfe9-3348050d667c
BRECOACRAB06;;ISIN;CRA;RF - Pós-fixado;;SEM_COBERTURA_BASE2;cfbe0fa7-2a2f-421f-993c-8716989997f7
BRECOACRA9E1;;ISIN;CRA;RF - Inflação;;SEM_COBERTURA_BASE2;ce71589e-d165-4b8e-b1d0-d32482f6c5ce
BRRBRACRA3D9;;ISIN;CRA;RF - Pós-fixado;;SEM_COBERTURA_BASE2;2bafd74c-e8e4-4de3-a927-0ca1ece6a6ee
BRECOACRAFJ0;;ISIN;CRA;RF - Pós-fixado;;SEM_COBERTURA_BASE2;ce53f5d3-8541-47e8-84b6-8d67b0023127
BRRBRACRA496;;ISIN;CRA;RF - Inflação;;SEM_COBERTURA_BASE2;cde80d2d-b878-428e-a2ca-e37e323c6a45
BRECOACRAGX9;;ISIN;CRA;RF - Prefixado;;SEM_COBERTURA_BASE2;7e25a32b-f04f-4b65-9718-f2da7208002f
BRAPCSCRA1C5;;ISIN;CRA;RF - Inflação;;SEM_COBERTURA_BASE2;93b91ea0-13b6-4e58-894f-9382166307ea
BRECOACRAL53;;ISIN;CRA;RF - Inflação;;SEM_COBERTURA_BASE2;691f15b1-c62f-470b-af67-c2168c5f5ebf
BRIMWLCRA9C6;;ISIN;CRA;RF - Prefixado;;SEM_COBERTURA_BASE2;a68dc4c7-8daa-4565-a69b-c45b397b0cb1
BRECOACRAMB3;;ISIN;CRA;RF - Prefixado;;SEM_COBERTURA_BASE2;7d230706-d7fb-4ed5-b649-d50ec28e3a80
BRRBRACRA7J7;;ISIN;CRA;RF - Prefixado;;SEM_COBERTURA_BASE2;045ac17e-473b-4aa2-b99b-60fbc1f131a7
BRRBRACRA5Q6;;ISIN;CRA;RF - Pós-fixado;;SEM_COBERTURA_BASE2;2e37325e-55b7-4bed-a664-2d71922bfbfe
BRECOACRAFY9;;ISIN;CRA;RF - Pós-fixado;;SEM_COBERTURA_BASE2;a61207d6-55b4-4825-93f7-5e006e378451
BRVERTCRA2F6;;ISIN;CRA;RF - Inflação;;SEM_COBERTURA_BASE2;92904fa0-ad17-4891-bff3-3838ebea03cc
BRAPCSCRA1B7;;ISIN;CRA;RF - Inflação;;SEM_COBERTURA_BASE2;cc83fff6-5136-4033-a621-b176b3b072d3
BRIMWLCRAAK9;;ISIN;CRA;RF - Pós-fixado;;SEM_COBERTURA_BASE2;0e60e77e-ae1d-417d-a834-ba8e678bec04
BRIMWLCRAAI3;;ISIN;CRA;RF - Pós-fixado;;SEM_COBERTURA_BASE2;a3b44260-1318-4b91-a1ac-e85abf99a8b8
BRIMWLCRA2B3;;ISIN;CRA;RF - Inflação;;SEM_COBERTURA_BASE2;f0ae70b9-e32f-47a5-86a0-81b2f1b327f8
BRRBRACRA3K4;;ISIN;CRA;RF - Pós-fixado;;SEM_COBERTURA_BASE2;c9d3fb64-dfa9-4950-be69-6dff307b3938
BRVERTCRA393;;ISIN;CRA;RF - Prefixado;;SEM_COBERTURA_BASE2;c8622127-3d23-41f2-b36f-e1e095537ec9
BRIMWLCRA655;;ISIN;CRA;RF - Inflação;;SEM_COBERTURA_BASE2;a338de3b-f9a7-418a-bbd0-29e3f73e7a6a
BRECOACRAII6;;ISIN;CRA;RF - Prefixado;;SEM_COBERTURA_BASE2;c80f22f2-7efd-49f5-adc0-f68dc7798ec9
BRRBRACRA2M2;;ISIN;CRA;RF - Pós-fixado;;SEM_COBERTURA_BASE2;75f5ac45-c14d-467b-bd26-d9945331c722
BRIMWLCRA7R8;;ISIN;CRA;RF - Prefixado;;SEM_COBERTURA_BASE2;8eef4bb0-ec9d-4e8a-87e0-521c6f19c9bc
CRA02200EIA;;ISIN;CRA;RF - Pós-fixado;;SEM_COBERTURA_BASE2;c6998efc-9cc1-4533-8c88-6a84f61fee4b
BRECOACRACZ3;;ISIN;CRA;RF - Inflação;;SEM_COBERTURA_BASE2;c4576747-c172-4ef4-adf1-939f036b944c
BRECOACRA7T3;;ISIN;CRA;RF - Inflação;;SEM_COBERTURA_BASE2;7bdd217f-f5fb-49a7-bb9f-002e52d0cd45
BRECOACRAFT9;;ISIN;CRA;RF - Pós-fixado;;SEM_COBERTURA_BASE2;6e69673f-ac80-41c9-a2af-7aad12ee58e4
BRIMWLCRA4D5;;ISIN;CRA;RF - Inflação;;SEM_COBERTURA_BASE2;334f8289-739e-4e1c-8e73-fe61fb2f4e8a
BRVERTCRA1H4;;ISIN;CRA;RF - Inflação;;SEM_COBERTURA_BASE2;a18b73d0-153f-4898-9788-4c376d297bba
BRECOACRA4M5;;ISIN;CRA;RF - Prefixado;;SEM_COBERTURA_BASE2;8bf063bf-287a-476e-8895-844d6c24f5f6
BRECOACRAGZ4;;ISIN;CRA;RF - Prefixado;;SEM_COBERTURA_BASE2;4e72d01c-fd3f-401a-a341-45d023c6de79
BRAPCSCRA1Y9;;ISIN;CRA;RF - Inflação;;SEM_COBERTURA_BASE2;c2795d1b-bfb3-4fda-aaef-9c231bd4d060
BRECOACRAME7;;ISIN;CRA;RF - Prefixado;;SEM_COBERTURA_BASE2;3445801f-85aa-4352-ae98-d56e264644f1
BRIMWLCRA7X6;;ISIN;CRA;RF - Pós-fixado;;SEM_COBERTURA_BASE2;fb5d019a-ff85-4227-8633-1077e8f06fd0
BRRBRACRA4A3;;ISIN;CRA;RF - Prefixado;;SEM_COBERTURA_BASE2;f2a6a894-d58a-4194-a877-92c261e5903b
BRRBRACRA629;;ISIN;CRA;RF - Pós-fixado;;SEM_COBERTURA_BASE2;f368f213-be16-4e3d-bcc6-91fb5acd72d8
BRECOACRA6A5;;ISIN;CRA;RF - Inflação;;SEM_COBERTURA_BASE2;a10d8e28-b69f-4caf-964c-f6aa42f67fab
BRECOACRAG68;;ISIN;CRA;RF - Prefixado;;SEM_COBERTURA_BASE2;03c146ee-aca8-4221-9ccd-5ca3b4d195a8
BRIMWLCRA1A7;;ISIN;CRA;RF - Inflação;;SEM_COBERTURA_BASE2;6f8ab1d3-f8c7-4cc8-818e-64a4465f8ad5
BRECOACRAD95;;ISIN;CRA;RF - Pós-fixado;;SEM_COBERTURA_BASE2;eeb712ad-6623-4b6d-809a-efb1af6dd073
BRECOACRA9Z6;;ISIN;CRA;RF - Inflação;;SEM_COBERTURA_BASE2;05bae650-9975-410c-a3d4-fda5821fe818
BRIMWLCRA9B8;;ISIN;CRA;RF - Pós-fixado;;SEM_COBERTURA_BASE2;1332b738-6809-44a3-9646-527925988965
BRIMWLCRA549;;ISIN;CRA;RF - Inflação;;SEM_COBERTURA_BASE2;ee86d211-aa97-461f-85aa-9b53e145643e
BRRBRACRA4Z0;;ISIN;CRA;RF - Prefixado;;SEM_COBERTURA_BASE2;bb7ad622-a062-43ce-ae4e-c35dc4258c7e
BRRBRACRA0F0;;ISIN;CRA;RF - Inflação;;SEM_COBERTURA_BASE2;f58acd3b-6f09-4f9e-9c73-70311b090530
BRECOACRAH00;;ISIN;CRA;RF - Inflação;;SEM_COBERTURA_BASE2;0393e055-2480-422d-9848-3273bd2fa8c5
BRRBRACRA7N9;;ISIN;CRA;RF - Prefixado;;SEM_COBERTURA_BASE2;ede0cf7f-c0bf-4506-a2bf-c2388d15199d
BRRBRACRA7M1;;ISIN;CRA;RF - Pós-fixado;;SEM_COBERTURA_BASE2;168bc049-e840-40cf-8cb0-4fb2c2fb7fad
BRHBSCCRA053;;ISIN;CRA;RF - Pós-fixado;;SEM_COBERTURA_BASE2;9c89f1e5-c2d6-4e17-90c1-b199ad07081d
BRECOACRAC88;;ISIN;CRA;RF - Inflação;;SEM_COBERTURA_BASE2;739306a7-b1b3-4152-b400-1072fcf1eee3
BRRBRACRA3C1;;ISIN;CRA;RF - Pós-fixado;;SEM_COBERTURA_BASE2;ec60e8fb-f08d-48fc-9f18-492a7c1435f3
BRIMWLCRA648;;ISIN;CRA;RF - Pós-fixado;;SEM_COBERTURA_BASE2;fe8b4bbc-217b-41d8-8622-b24e8d51ed30
BRRBRACRA5T0;;ISIN;CRA;RF - Prefixado;;SEM_COBERTURA_BASE2;3b63cc72-36c4-425c-bc19-cf58a7421490
BRRBRACRA504;;ISIN;CRA;RF - Inflação;;SEM_COBERTURA_BASE2;05a36b38-f58e-4404-9108-ea94210c5eb5
BRIMWLCRAAV6;;ISIN;CRA;RF - Prefixado;;SEM_COBERTURA_BASE2;53a75fc4-ec1f-46a3-92cf-324e647ec039
BRIMWLCRA8R6;;ISIN;CRA;RF - Inflação;;SEM_COBERTURA_BASE2;e9fb472f-6dfb-4904-ad98-996452925441
BRECOACRAEU0;;ISIN;CRA;RF - Pós-fixado;;SEM_COBERTURA_BASE2;3e10c408-a510-4627-a82f-5aaa49d65ab4
BRECOACRACY6;;ISIN;CRA;RF - Pós-fixado;;SEM_COBERTURA_BASE2;3e2b010a-02a3-40d0-81c1-9af628501aa5
BRECOACRAEW6;;ISIN;CRA;RF - Inflação;;SEM_COBERTURA_BASE2;fe916cb0-8520-4ac0-9fb0-5d8efdfe03b2
BRECOACRADX6;;ISIN;CRA;RF - Inflação;;SEM_COBERTURA_BASE2;3fa4bc7c-ba64-436f-8809-c2ca54770d11
BRCESCCRA2A8;;ISIN;CRA;RF - Pós-fixado;;SEM_COBERTURA_BASE2;ef54bd7e-e9b9-4aa6-bf0e-0ae85d482649
BRAPCSCRA0M6;;ISIN;CRA;RF - Pós-fixado;;SEM_COBERTURA_BASE2;7b8278a5-f9c7-4f86-9441-16fbd863c585
BRIMWLCRA7S6;;ISIN;CRA;RF - Prefixado;;SEM_COBERTURA_BASE2;3660f90d-6c60-44d1-a089-ec7230931667
BRECOACRAF36;;ISIN;CRA;RF - Inflação;;SEM_COBERTURA_BASE2;a0bb80aa-e133-4e14-920b-a94e25c8ec7c
BRHBSCCRA079;;ISIN;CRA;RF - Pós-fixado;;SEM_COBERTURA_BASE2;51733b1c-87c3-4c64-8d15-566615dd5dcb
BRIMWLCRA812;;ISIN;CRA;RF - Inflação;;SEM_COBERTURA_BASE2;be1e4297-7c17-4c55-ad6d-9ce2f84d9428
BRRBRACRA3Q1;;ISIN;CRA;RF - Pós-fixado;;SEM_COBERTURA_BASE2;a09d93b4-c6a1-4964-9a14-b3d57a98e587
BRRBRACRA355;;ISIN;CRA;RF - Pós-fixado;;SEM_COBERTURA_BASE2;6fbe63d4-b115-4e49-ba77-aa551f55f130
BRIMWLCRA7Q0;;ISIN;CRA;RF - Pós-fixado;;SEM_COBERTURA_BASE2;51d902fd-cb00-4c6b-aa73-fd19ccc7f7cb
BRVERTCRA484 | CRA02;;ISIN;CRA BANCO ABC BRASIL - CRA024001E5;RF - Pós-fixado;;SEM_COBERTURA_BASE2;c35fbf67-5174-4837-8a85-39cffb7584a7
BRIMWLCRA3T3 | CRA02;;ISIN;CRA JBS - CRA022002XN;RF - Inflação;;SEM_COBERTURA_BASE2;d2354ae3-b559-4900-90ca-9e8780f4814c
BRGAIACRI261;;ISIN;CRI;RF - Pós-fixado;;SEM_COBERTURA_BASE2;67965908-f783-4f53-8fcb-e0f9a25b0935
BRCASCCRI2A4;;ISIN;CRI;RF - Inflação;;SEM_COBERTURA_BASE2;20b0a6fe-b9f9-4a82-b9e1-b059293664b4
BRRBRACRIEM7;;ISIN;CRI;RF - Inflação;;SEM_COBERTURA_BASE2;e0dee42e-1ca6-4672-b51f-19d565959c52
BRRBRACRIHT5;;ISIN;CRI;RF - Inflação;;SEM_COBERTURA_BASE2;78132e18-271d-492b-8d89-3483b6945fe4
BRAPCSCRIKF8;;ISIN;CRI;RF - Prefixado;;SEM_COBERTURA_BASE2;e05dd088-1edc-436f-9cd8-6c76020d8680
BRAPCSCRINH8;;ISIN;CRI;RF - Inflação;;SEM_COBERTURA_BASE2;38055093-5002-4121-9b60-17eab3ca9d1c
15I0672691;;ISIN;CRI;RF - Inflação;;SEM_COBERTURA_BASE2;b54c851f-1d89-46a7-82e5-d41897124526
BRAPCSCRILK6;;ISIN;CRI;RF - Inflação;;SEM_COBERTURA_BASE2;228d06aa-9574-465e-9096-ec92d5ed4c8f
BRAPCSCRIAZ7;;ISIN;CRI;RF - Inflação;;SEM_COBERTURA_BASE2;bcd4cc47-86ab-4b7b-be69-e85b989d7776
BRAPCSCRIG55;;ISIN;CRI;RF - Inflação;;SEM_COBERTURA_BASE2;8a6702d7-43a4-4eef-9d1c-e9de33f4b288
BRRBRACRIEU0;;ISIN;CRI;RF - Inflação;;SEM_COBERTURA_BASE2;782cc806-d97d-4bb4-828d-f90f88061f3f
BRRBRACRIMP3;;ISIN;CRI;RF - Prefixado;;SEM_COBERTURA_BASE2;23356eda-7b24-4c98-8b10-9270c5021af5
BRVERTCRI7S0;;ISIN;CRI;RF - Inflação;;SEM_COBERTURA_BASE2;136f8ece-5687-4184-9ba7-b0cfd9e10e15
BRVERTCRICE4;;ISIN;CRI;RF - Pós-fixado;;SEM_COBERTURA_BASE2;df4ac0ff-3426-4d59-b181-c02c489e9cfc
BRAPCSCRIFY9;;ISIN;CRI;RF - Pós-fixado;;SEM_COBERTURA_BASE2;a8654241-295d-4f57-afb2-b5590e0ed598
BRRBRACRIIX5;;ISIN;CRI;RF - Pós-fixado;;SEM_COBERTURA_BASE2;ee72862b-29ee-4d62-b6c2-6a82c1740924
BRAPCSCRI770;;ISIN;CRI;RF - Inflação;;SEM_COBERTURA_BASE2;13c05e36-5bb7-40f5-9562-ec90b9fb4078
BRCASCCRI5P5;;ISIN;CRI;RF - Pós-fixado;;SEM_COBERTURA_BASE2;67d37695-64c6-4c18-a26b-aa90562e2530
BRIMWLCRIF47;;ISIN;CRI;RF - Pós-fixado;;SEM_COBERTURA_BASE2;c0403cf9-2392-4298-baf0-1132e3743a7b
BRVERTCRI7R2;;ISIN;CRI;RF - Prefixado;;SEM_COBERTURA_BASE2;6e4f5231-3c55-4038-9031-a1b51c948c65
BRAPCSCRINY3;;ISIN;CRI;RF - Prefixado;;SEM_COBERTURA_BASE2;13cd88d4-959f-4807-839d-d0b255b243c3
BRCASCCRI1M1;;ISIN;CRI;RF - Inflação;;SEM_COBERTURA_BASE2;3644f83d-8fe3-4961-994b-fe01214638c0
BRRBRACRIET2;;ISIN;CRI;RF - Pós-fixado;;SEM_COBERTURA_BASE2;edbfa508-c42d-4284-ac54-a4f4fd5d1949
BRRBRACRIHS7;;ISIN;CRI;RF - Pós-fixado;;SEM_COBERTURA_BASE2;34ff0954-86cf-4d9c-afee-9e03458eb57a
BRIMWLCRIO79;;ISIN;CRI;RF - Pós-fixado;;SEM_COBERTURA_BASE2;279fd50a-6fca-4500-8ccd-47ce7ac36d7a
BRVERTCRI4I8;;ISIN;CRI;RF - Pós-fixado;;SEM_COBERTURA_BASE2;5a6d6049-b9a9-4559-b5c0-b00458a7fd96
BRAPCSCRIL09;;ISIN;CRI;RF - Inflação;;SEM_COBERTURA_BASE2;8ef40bbe-62de-4134-b4c8-55ce853e4b00
BRASTECRI3W5;;ISIN;CRI;RF - Inflação;;SEM_COBERTURA_BASE2;ff96663c-3d9d-4e72-b1f9-3c62c29a0987
BRAPCSCRIIY3;;ISIN;CRI;RF - Pós-fixado;;SEM_COBERTURA_BASE2;742eb9f1-1845-412c-9fee-e75b7de57006
BRVERTCRICK1;;ISIN;CRI;RF - Pós-fixado;;SEM_COBERTURA_BASE2;a7463d50-4607-49bf-bf61-a697c40bfb5c
BRAPCSCRIL17;;ISIN;CRI;RF - Inflação;;SEM_COBERTURA_BASE2;e37cffba-7fe1-4381-bbd1-7fa0390d9a97
BRVERTCRI7Q4;;ISIN;CRI;RF - Inflação;;SEM_COBERTURA_BASE2;fff169bc-ef66-4de9-bc00-07ea86d7351d
BRRBRACRIGX9;;ISIN;CRI;RF - Inflação;;SEM_COBERTURA_BASE2;87ec4902-38ba-4efc-9396-d54e6d4fd41d
BRIMWLCRII51;;ISIN;CRI;RF - Inflação;;SEM_COBERTURA_BASE2;e2db46a1-e7e8-4d1b-82ba-e7c1c85df0b3
BRRBRACRIM32;;ISIN;CRI;RF - Inflação;;SEM_COBERTURA_BASE2;5e6a7f16-d788-4d42-aee9-24e0e47bb2a4
BRRBRACIR2E1;;ISIN;CRI;RF - Pós-fixado;;SEM_COBERTURA_BASE2;e169b433-9601-4f36-bb70-0eecd855d187
BRAPCSCRIKG6;;ISIN;CRI;RF - Inflação;;SEM_COBERTURA_BASE2;06039ce0-c5ac-4df8-b9ce-790ebc12137e
BRRBRACIR2C5;;ISIN;CRI;RF - Pós-fixado;;SEM_COBERTURA_BASE2;c292eeff-59cc-4a6a-96ee-fd705dc4996f
BRHBSCCRIAV1;;ISIN;CRI;RF - Inflação;;SEM_COBERTURA_BASE2;285f0b85-e6da-4681-8c53-1a9007b375f2
BRAPCSCRIQ95;;ISIN;CRI;RF - Pós-fixado;;SEM_COBERTURA_BASE2;59ce94ac-d048-48d0-a179-0b43ee19292f
BRHAPVCRI005;;ISIN;CRI;RF - Pós-fixado;;SEM_COBERTURA_BASE2;9d98a937-0fe5-43c5-959e-8708f92af0db
BRRBRACRIAL7;;ISIN;CRI;RF - Inflação;;SEM_COBERTURA_BASE2;74c33039-57f9-421f-9a03-5e0b1bf0f20b
BRAPCSCRIQF5;;ISIN;CRI;RF - Pós-fixado;;SEM_COBERTURA_BASE2;ffd04c9c-1b2d-4e0e-90c9-5d9f4195ca0f
BRRBRACRIGU5;;ISIN;CRI;RF - Pós-fixado;;SEM_COBERTURA_BASE2;0002a511-8be9-4812-b9f5-c85e293d0e9d
BRVERTCRI4J6;;ISIN;CRI;RF - Inflação;;SEM_COBERTURA_BASE2;6cac33c0-7215-4463-89fb-11030e1c4ee5
BRIMWLCRIKV8;;ISIN;CRI;RF - Pós-fixado;;SEM_COBERTURA_BASE2;f5221ce3-dbeb-4640-a752-bd0cdb26a125
BRAPCSCRIL90;;ISIN;CRI;RF - Inflação;;SEM_COBERTURA_BASE2;2918ad75-065f-47fb-adbf-23d4519b40a3
BRRBRACRIWW8;;ISIN;CRI;RF - Inflação;;SEM_COBERTURA_BASE2;b6d100c4-0c64-4c9a-ac29-968818c05ce3
BRAPCSCRIJH6;;ISIN;CRI;RF - Pós-fixado;;SEM_COBERTURA_BASE2;7e26156e-513d-466c-900c-8d902c77576e
BRIMWLCRIM97;;ISIN;CRI;RF - Pós-fixado;;SEM_COBERTURA_BASE2;32f2fe31-eaa2-43af-b64c-af770bb106e8
BRRBRACRIEK1;;ISIN;CRI;RF - Inflação;;SEM_COBERTURA_BASE2;6ed17bc3-7846-428d-96c6-e584a1feca2e
BRAPCSCRIKB7;;ISIN;CRI;RF - Inflação;;SEM_COBERTURA_BASE2;9c2171e1-62fe-46dd-bbcd-5abc8bcbf4b5
BRRBRACRIYH5;;ISIN;CRI;RF - Pós-fixado;;SEM_COBERTURA_BASE2;541a860a-ce8e-45af-846a-803854841216
BRIMWLCRIBY1;;ISIN;CRI;RF - Inflação;;SEM_COBERTURA_BASE2;cdcf73e8-981e-4934-bf93-85c0d1c12686
BRAPCSCRIQH1;;ISIN;CRI;RF - Pós-fixado;;SEM_COBERTURA_BASE2;306580e3-f06c-46a0-aba8-232f74bdf765
BRRBRACRICZ3;;ISIN;CRI;RF - Inflação;;SEM_COBERTURA_BASE2;7ebfc217-a8a7-4784-b5a9-39bb0de9ec4d
BRIMWLCRI6O9;;ISIN;CRI;RF - Inflação;;SEM_COBERTURA_BASE2;9981d26b-a527-44d4-ba82-6770d2103039
BRCASCCRI3M7;;ISIN;CRI;RF - Pós-fixado;;SEM_COBERTURA_BASE2;a4c55cec-cdd0-4034-a46c-f2e7cbd6db4c
BRCASCCRI3L9;;ISIN;CRI;RF - Pós-fixado;;SEM_COBERTURA_BASE2;2fac3dbd-2e6c-4e81-a9de-43aa3623c9d6
BRRBRACRI5T2;;ISIN;CRI;RF - Inflação;;SEM_COBERTURA_BASE2;b9b6104f-5bbf-48a9-a66d-21d08e5d3311
BRLSECCRI2L6;;ISIN;CRI;RF - Pós-fixado;;SEM_COBERTURA_BASE2;441c6b9a-1311-4fc7-a17f-35fb7d7da559
BRIMWLCRIDY7;;ISIN;CRI;RF - Pós-fixado;;SEM_COBERTURA_BASE2;e8546e4e-37f2-46a7-8c72-66b5d1777af4
BRRBRACRI846;;ISIN;CRI;RF - Inflação;;SEM_COBERTURA_BASE2;3bfe386d-04bb-4f5c-aa46-915afe14c5f3
BRCASCCRI1L3;;ISIN;CRI;RF - Pós-fixado;;SEM_COBERTURA_BASE2;573e0161-a6c6-46ec-9eed-ccaf2c23cccb
BRASTECRI4U7;;ISIN;CRI;RF - Inflação;;SEM_COBERTURA_BASE2;71d95a25-7433-4158-8b4e-4ddb091effa5
BRAPCSCRI9M9;;ISIN;CRI;RF - Inflação;;SEM_COBERTURA_BASE2;c93c78df-2880-44ea-8fd6-05ef401a0e5e
BRRBRACRIV98;;ISIN;CRI;RF - Pós-fixado;;SEM_COBERTURA_BASE2;e74f5ce8-19b7-42fe-8ef0-35d94c1820f0
BRCASCCRI5V3;;ISIN;CRI;RF - Pós-fixado;;SEM_COBERTURA_BASE2;996cae19-7120-44c3-9d9a-5c02fc962328
BRAPCSCRIDC0;;ISIN;CRI;RF - Pós-fixado;;SEM_COBERTURA_BASE2;1b93610d-edd1-4215-9bbb-a11c60ef1384
BRRBRACRIYU8;;ISIN;CRI;RF - Prefixado;;SEM_COBERTURA_BASE2;e6e8de6f-9922-4f0a-9312-203175c474be
BRRBRACRIF07;;ISIN;CRI;RF - Pós-fixado;;SEM_COBERTURA_BASE2;1d2fe729-64e8-46f8-8bb2-ebdbd5fe769e
BRLSECCRI3U5;;ISIN;CRI;RF - Inflação;;SEM_COBERTURA_BASE2;5f3a4a04-6ce4-4791-8a5b-3771bf02096d
BRRBRACRIT50;;ISIN;CRI;RF - Inflação;;SEM_COBERTURA_BASE2;460285ca-7dbf-4831-b642-0551b7a0b9a5
BRAPCSCRIIS5;;ISIN;CRI;RF - Prefixado;;SEM_COBERTURA_BASE2;3ae0037c-8aae-4ab4-aee1-33c1290f3253
BRRBRACRIF72;;ISIN;CRI;RF - Pós-fixado;;SEM_COBERTURA_BASE2;84ac0b67-533e-4891-b5b5-1bc7ef2af927
BRRBRACRIK00;;ISIN;CRI;RF - Pós-fixado;;SEM_COBERTURA_BASE2;69034202-6e86-49aa-ba2d-4a488d29dd1a
BRRBRACRIIY3;;ISIN;CRI;RF - Pós-fixado;;SEM_COBERTURA_BASE2;03af6a06-8fe6-4963-8fd3-7d42cc656bfc
BRIMWLCRIFK1;;ISIN;CRI;RF - Pós-fixado;;SEM_COBERTURA_BASE2;86646a1f-3625-4e4b-a01d-b6309d0ff4bd
BRHBSCCRI9W7;;ISIN;CRI;RF - Inflação;;SEM_COBERTURA_BASE2;6b1beac1-8178-48ba-b70e-e26d1ffde63c
BRRBRACRIJZ8;;ISIN;CRI;RF - Prefixado;;SEM_COBERTURA_BASE2;86d830c4-779d-4103-b39d-13f9a1f12fb2
BRIMWLCRIF70;;ISIN;CRI;RF - Pós-fixado;;SEM_COBERTURA_BASE2;a2e19a4c-0391-4183-9c4a-b9bbe5a2b607
21K0001807 | BRRBRAC;;ISIN;CRI REDE D OR - 21K0001807;RF - Inflação;;SEM_COBERTURA_BASE2;5ed1b20b-8975-419b-b5ff-369320f69be3
BRCYREACNPR4;;ISIN;CYRELA REALTPN      NM;Renda Variável;;SEM_COBERTURA_BASE2;58ec22a3-07ae-450f-a4b1-f91b5db3e527
56267236000143;;CNPJ;Chamonix High Yield FIDC RL;Multimercado;;SEM_COBERTURA_BASE2;3564bdd8-825c-457b-9c5f-74f0fc0dd96b
30317454000151;;CNPJ;DAHLIA TOTAL RETURN FICFIM;Multimercado;;SEM_COBERTURA_BASE2;c19c8bc0-62f7-445f-8182-cd7a805fd162
BRSIMHDBS044;;ISIN;Debênture;RF - Inflação;;SEM_COBERTURA_BASE2;9c29cfb3-cf08-42e7-aff4-0931808fb8be
BRPETRDBS0C2;;ISIN;Debênture;RF - Inflação;;SEM_COBERTURA_BASE2;6fc7c33d-7298-43a7-99f9-524bfd9d2e1c
BRCESPDBS2B8;;ISIN;Debênture;RF - Inflação;;SEM_COBERTURA_BASE2;01f806b2-fbb2-4393-a20c-b998b712f5ba
BRASERDBS013;;ISIN;Debênture;RF - Inflação;;SEM_COBERTURA_BASE2;fcf705a1-96d3-4096-a856-af1ddf0174e1
BRAPLSDBS020;;ISIN;Debênture;RF - Inflação;;SEM_COBERTURA_BASE2;fc640f87-62f6-473e-9776-530ff83d39be
BRPCARDBS0F8;;ISIN;Debênture;RF - Pós-fixado;;SEM_COBERTURA_BASE2;741e525f-06df-4b0c-bc17-126485eb047f
BRBTGLDBS009;;ISIN;Debênture;RF - Prefixado;;SEM_COBERTURA_BASE2;06e3f9ea-7c6e-4c21-8d8d-af2fec929ab7
BRRENTDBS154;;ISIN;Debênture;RF - Inflação;;SEM_COBERTURA_BASE2;0905fda6-a1ce-4675-808e-58df68295dce
BRCSNADBS0F9;;ISIN;Debênture;RF - Pós-fixado;;SEM_COBERTURA_BASE2;f2227438-2a3d-4656-8950-4564229132a0
BRCRBDDBS025;;ISIN;Debênture;RF - Inflação;;SEM_COBERTURA_BASE2;0f6dcaa6-8865-4958-8928-262a7da09c6c
BRCSNADBS0I3;;ISIN;Debênture;RF - Inflação;;SEM_COBERTURA_BASE2;ef680f34-660b-4f64-989c-9b796935c15f
BRVERODBS034;;ISIN;Debênture;RF - Prefixado;;SEM_COBERTURA_BASE2;12ab9c80-3d45-4d51-96cb-55a3ecd1a8b6
BRETSPDBS017;;ISIN;Debênture;RF - Inflação;;SEM_COBERTURA_BASE2;12d0a5aa-2015-4d36-a4fd-afc3ba0ce403
BRHRTUDBS053;;ISIN;Debênture;RF - Pós-fixado;;SEM_COBERTURA_BASE2;78013847-0a7a-4244-b6c2-74264be4dfe6
BRLIGHDBS1C7;;ISIN;Debênture;RF - Inflação;;SEM_COBERTURA_BASE2;78ad9b41-6d55-4ce5-82f9-733a38c28080
BRGASCDBS028;;ISIN;Debênture;RF - Inflação;;SEM_COBERTURA_BASE2;67ab0b67-e272-4399-ac00-b2093ccfb27f
BR0HJ5DBS018;;ISIN;Debênture;RF - Prefixado;;SEM_COBERTURA_BASE2;66e9709a-7e0b-4f7e-abb4-e9db3ad31ca8
BRENATDBS051;;ISIN;Debênture;RF - Inflação;;SEM_COBERTURA_BASE2;65f9fd3b-2719-48ef-8bed-4ae3cec82b83
BRBHIADBS094;;ISIN;Debênture;RF - Pós-fixado;;SEM_COBERTURA_BASE2;7c8c4c85-c854-4ae1-a7e9-6fdf374a54d9
BRNTENDBS005;;ISIN;Debênture;RF - Inflação;;SEM_COBERTURA_BASE2;ed8b2db0-d490-4521-b5cb-e8c8c0043add
BRENEVDBS083;;ISIN;Debênture;RF - Inflação;;SEM_COBERTURA_BASE2;7d22fd8f-1f08-4956-9910-1beff9ef9f1b
BRUTPSDBS039;;ISIN;Debênture;RF - Inflação;;SEM_COBERTURA_BASE2;ed150733-9735-4b45-a945-51a7d98230b7
BRMOVIDBS0J5;;ISIN;Debênture;RF - Inflação;;SEM_COBERTURA_BASE2;ecbdd0e8-72d0-4bbc-8f53-95541247a6c4
BRWETEDBS005;;ISIN;Debênture;RF - Inflação;;SEM_COBERTURA_BASE2;ec08cc17-82fa-4230-9626-2455033497ae
BRSIMHDBS077;;ISIN;Debênture;RF - Pós-fixado;;SEM_COBERTURA_BASE2;ea502cad-2407-45ee-ac99-e8dac9ab3852
BRTAEEDBS0P6;;ISIN;Debênture;RF - Inflação;;SEM_COBERTURA_BASE2;e9c7beb4-1782-464a-b0de-d2bb7e66c79c
BRENEVDBS0H4;;ISIN;Debênture;RF - Inflação;;SEM_COBERTURA_BASE2;e932fd96-db58-4846-acb0-20f6a2abd131
BRBHIADBO010;;ISIN;Debênture;RF - Prefixado;;SEM_COBERTURA_BASE2;1ac3cd8a-5807-49d1-bdfa-5f6b82f11386
BRALARDBS008;;ISIN;Debênture;RF - Prefixado;;SEM_COBERTURA_BASE2;8231ceab-7cf8-4a27-b314-8a962c1c34c2
BRCSNADBS0H5;;ISIN;Debênture;RF - Inflação;;SEM_COBERTURA_BASE2;e3a4ee9e-1f85-4d1e-b779-6c34ab6e0efc
BRHARGDBS003;;ISIN;Debênture;RF - Inflação;;SEM_COBERTURA_BASE2;84db56c1-485b-45c5-a8cd-b85cd98e2262
BRCONXDBS009;;ISIN;Debênture;RF - Inflação;;SEM_COBERTURA_BASE2;86088a76-b24e-4134-ba69-5286632f53c6
BRUNEGDBS007;;ISIN;Debênture;RF - Inflação;;SEM_COBERTURA_BASE2;867bfee7-80ca-427d-9af7-324d0e032b7f
BRCSNADBS0K9;;ISIN;Debênture;RF - Inflação;;SEM_COBERTURA_BASE2;1ea5cec8-70bd-40fe-bc13-cac15befafc4
BRMGLUDBS0A0;;ISIN;Debênture;RF - Pós-fixado;;SEM_COBERTURA_BASE2;21f920c6-db28-4503-b7ba-75c846f7d077
BRRAILDBS092;;ISIN;Debênture;RF - Inflação;;SEM_COBERTURA_BASE2;e00b07e2-a7d6-46a4-ba7c-b18fd9204b1a
BRRAILDBS050;;ISIN;Debênture;RF - Inflação;;SEM_COBERTURA_BASE2;8a7099d6-eed4-40fc-b6fd-a7dcb12d213e
BRMOVIDBS0B2;;ISIN;Debênture;RF - Pós-fixado;;SEM_COBERTURA_BASE2;df5134ee-6d6f-4aa0-9531-7c1373cc36cf
BRIBPBDBS004;;ISIN;Debênture;RF - Inflação;;SEM_COBERTURA_BASE2;df13ae3e-2acd-4222-aa7f-b04d25b193f2
BREKTRDBS101;;ISIN;Debênture;RF - Prefixado;;SEM_COBERTURA_BASE2;25287855-4e68-42c6-b90f-40815c94e27a
BRRISPDBS020;;ISIN;Debênture;RF - Inflação;;SEM_COBERTURA_BASE2;ddbeffd2-9b4d-4b7b-9ab5-a39093bdd8ec
BRENATDBS069;;ISIN;Debênture;RF - Prefixado;;SEM_COBERTURA_BASE2;8d3c6b77-68a8-4b4e-bd53-5b3ffbfe7a22
BRTAEEDBS0V4;;ISIN;Debênture;RF - Inflação;;SEM_COBERTURA_BASE2;25bc0640-5ead-4b56-9c2c-f41dae3dc4b1
BRVBCRDBS001;;ISIN;Debênture;RF - Inflação;;SEM_COBERTURA_BASE2;26b8fb02-8d73-4688-871e-43a2c6fc7578
BRBTGHDBS049;;ISIN;Debênture;RF - Pós-fixado;;SEM_COBERTURA_BASE2;d6e87454-4365-4ba9-892a-0e84c01be4b2
BRRAILDBS043;;ISIN;Debênture;RF - Inflação;;SEM_COBERTURA_BASE2;d3e481e0-edc4-4f69-bccf-77ee25149d5a
BRJALLDBS002;;ISIN;Debênture;RF - Inflação;;SEM_COBERTURA_BASE2;8fbb416e-c3bf-43b4-948a-babab015107d
BRCSNPDBS022;;ISIN;Debênture;RF - Inflação;;SEM_COBERTURA_BASE2;d3d40f3d-1ed6-4e96-adeb-3f946ce1a00d
BR0HJ5DBS034;;ISIN;Debênture;RF - Prefixado;;SEM_COBERTURA_BASE2;5a3ae0eb-7492-485e-93d8-dbf16fe037d1
BRRENTDBS1D0;;ISIN;Debênture;RF - Inflação;;SEM_COBERTURA_BASE2;599fdce7-d9bf-4421-a271-0a1399b8284c
BRMSGTDBS068;;ISIN;Debênture;RF - Inflação;;SEM_COBERTURA_BASE2;92d9c84a-1c07-4ef6-a82d-e41bed23b478
BRRISPDBS061;;ISIN;Debênture;RF - Inflação;;SEM_COBERTURA_BASE2;92e55a6f-16c1-4324-b165-b48a72efd812
BRJALLDBS044;;ISIN;Debênture;RF - Inflação;;SEM_COBERTURA_BASE2;d1678641-cca3-4a49-9c56-bd63fe8cde6e
BRELETDBS032;;ISIN;Debênture;RF - Inflação;;SEM_COBERTURA_BASE2;cfe9638f-ab0c-4cc3-9238-47e8cedbcb5e
BRVALEDBS0B3;;ISIN;Debênture;RF - Inflação;;SEM_COBERTURA_BASE2;58a87b30-24e4-4864-add8-0426be8a388a
BRENATDBS093;;ISIN;Debênture;RF - Inflação;;SEM_COBERTURA_BASE2;586c7f59-ea8b-4062-b4e5-226565c3eb6c
BRENATDBS044;;ISIN;Debênture;RF - Prefixado;;SEM_COBERTURA_BASE2;2c587532-d1c0-4de0-8aab-8d662c92d80a
BRRIS4DBS022;;ISIN;Debênture;RF - Inflação;;SEM_COBERTURA_BASE2;ccb48c97-c370-4b23-9fa7-c4179a0888ce
BRTEPADBS049;;ISIN;Debênture;RF - Prefixado;;SEM_COBERTURA_BASE2;96d65a39-4226-4d1a-926a-19d35fbb88a3
BRRAILDBS084;;ISIN;Debênture;RF - Inflação;;SEM_COBERTURA_BASE2;97120f60-742a-484f-9186-15e3ad63da65
BRIRJSDBS031;;ISIN;Debênture;RF - Inflação;;SEM_COBERTURA_BASE2;9724f15d-dff2-491e-8941-ba0b5cfc7e40
BRCSNADBS0J1;;ISIN;Debênture;RF - Inflação;;SEM_COBERTURA_BASE2;5758e786-5e86-4978-9dd3-1d2dc80fcb8e
BRBTELDBS020;;ISIN;Debênture;RF - Prefixado;;SEM_COBERTURA_BASE2;5758b81c-7476-4ef1-9f50-a24b88e4d21d
BRRENTDBS162;;ISIN;Debênture;RF - Inflação;;SEM_COBERTURA_BASE2;301cb01c-a46d-4b2f-a8dc-c769689d43b5
BRENATDBS077;;ISIN;Debênture;RF - Inflação;;SEM_COBERTURA_BASE2;5707dada-2412-4461-af2a-4eda2154806b
BRVAMODBS074;;ISIN;Debênture;RF - Inflação;;SEM_COBERTURA_BASE2;98fcef48-3c58-4b42-b2c8-135a85a294b0
BRRESADBS088;;ISIN;Debênture;RF - Inflação;;SEM_COBERTURA_BASE2;99944c5d-3e8d-4627-976d-a5354e65b31c
BRMRFGDBS051;;ISIN;Debênture;RF - Pós-fixado;;SEM_COBERTURA_BASE2;3070951e-4b42-45d0-a3af-2b89876dd72a
BRCSNADBS0L7;;ISIN;Debênture;RF - Inflação;;SEM_COBERTURA_BASE2;54c3a73b-7db6-4628-aa6a-3402903d1cb8
BRRRRPDBS056;;ISIN;Debênture;RF - Inflação;;SEM_COBERTURA_BASE2;3079a71a-dfa9-44ed-962f-5a93e3cc1a9a
BRRIS4DBS063;;ISIN;Debênture;RF - Inflação;;SEM_COBERTURA_BASE2;c5f9d7c9-a12d-46c4-be76-8c241b8a78c7
BRONCODBS057;;ISIN;Debênture;RF - Pós-fixado;;SEM_COBERTURA_BASE2;9bb2fc2a-c23d-4a03-a1e6-23bce4e95e0d
BRCPTMDBS048;;ISIN;Debênture;RF - Inflação;;SEM_COBERTURA_BASE2;43b8af3c-2202-47b2-b8b5-5d380ea02066
BRIRJSDBS015;;ISIN;Debênture;RF - Inflação;;SEM_COBERTURA_BASE2;52e6b3f9-e951-40ec-b158-1705906c192d
BRAEGEDBS065;;ISIN;Debênture;RF - Pós-fixado;;SEM_COBERTURA_BASE2;529f0018-efc4-4c8e-b962-cd3a2ce000a4
BRLIGTDBO003;;ISIN;Debênture;RF - Prefixado;;SEM_COBERTURA_BASE2;9e21c424-5263-40d2-9f5c-e9eaaeb5c8f5
BRCMINDBS020;;ISIN;Debênture;RF - Inflação;;SEM_COBERTURA_BASE2;c247ffac-44f0-4558-8127-70dac0d33370
BRPETRDBS0E8;;ISIN;Debênture;RF - Inflação;;SEM_COBERTURA_BASE2;c2128dd6-4c10-40b1-975c-3ea9c26926bb
BRLIGHDBS0X5;;ISIN;Debênture;RF - Inflação;;SEM_COBERTURA_BASE2;c1b16eec-04ab-4ca2-b070-2e6459dab4bc
BRITPEDBS000;;ISIN;Debênture;RF - Inflação;;SEM_COBERTURA_BASE2;35407066-166e-4518-944a-67c09751b673
BRECHPDBS016;;ISIN;Debênture;RF - Inflação;;SEM_COBERTURA_BASE2;c01671a1-50a0-410c-a094-74410131962e
BRHRTUDBS095;;ISIN;Debênture;RF - Pós-fixado;;SEM_COBERTURA_BASE2;a0f08265-d0c5-47a3-bb93-a47a2eaa3187
BRLIGHDBS181;;ISIN;Debênture;RF - Inflação;;SEM_COBERTURA_BASE2;bf754a42-8924-420a-9d02-88899454a3d6
BRNEOEDBS054;;ISIN;Debênture;RF - Inflação;;SEM_COBERTURA_BASE2;3b33013a-35ff-4bdd-afba-4bb7c7760154
BRVERODBS067;;ISIN;Debênture;RF - Prefixado;;SEM_COBERTURA_BASE2;3c9bcb2c-b341-48ef-b6ae-40a66eb58948
BRPEJADBS040;;ISIN;Debênture;RF - Prefixado;;SEM_COBERTURA_BASE2;a504a047-e9fe-4369-9614-32cd8781c7d5
BRCSNADBS0M5;;ISIN;Debênture;RF - Inflação;;SEM_COBERTURA_BASE2;40745c84-e1d1-48f8-aa0c-08746364d545
BRARTRDBS0F7;;ISIN;Debênture;RF - Prefixado;;SEM_COBERTURA_BASE2;b5c16675-8fed-4dd7-8445-ef6bb8730348
BRKRSADBS010;;ISIN;Debênture;RF - Pós-fixado;;SEM_COBERTURA_BASE2;40df37af-250c-4422-9edd-eb8465fea296
BRSIMHDBS036;;ISIN;Debênture;RF - Pós-fixado;;SEM_COBERTURA_BASE2;af8c2e97-a1b4-401e-8712-3155515fb358
BRENATDBS002;;ISIN;Debênture;RF - Inflação;;SEM_COBERTURA_BASE2;4238fc51-1ec8-4e66-af56-4e4a97c43c11
BRRAILDBS076;;ISIN;Debênture;RF - Inflação;;SEM_COBERTURA_BASE2;42a56bae-d89c-411c-9723-af0548c7c6ea
17251743000137;;CNPJ;EMPIRICA LOTUS FICFIM CrPr;Multimercado;;SEM_COBERTURA_BASE2;a3c863a5-e6f7-4735-b480-56a676ad4aaf
63700460000142;;CNPJ;ENERGIA REAL FII;FII-FIAgro;;SEM_COBERTURA_BASE2;1b875921-3fd4-45a7-b47a-3ad5266fb45f
BRENGICDAM16;;ISIN;ENERGISA    UNT     N2;Renda Variável;;SEM_COBERTURA_BASE2;41aee919-65ed-42b6-ad4a-66f16c2816dc
BRAUROCTF001;;ISIN;ETF BV AURO CI;Renda Variável;;SEM_COBERTURA_BASE2;7299c16e-8bcf-4ce6-bc42-329c1c7d5503
BRIWMICTF003;;ISIN;ETF BV IWMI CI;Renda Variável;;SEM_COBERTURA_BASE2;36ba7d64-7ce3-41f8-9dfb-074a04cce0c5
BRFGAACTF004;;ISIN;FIAGRO FGA  CI  ER;Renda Variável;;SEM_COBERTURA_BASE2;ba888ed7-d03a-439c-9241-4163827908dd
BRBODICTF004;;ISIN;FIC FI BODI CI  ER;Renda Variável;;SEM_COBERTURA_BASE2;360eccea-7091-41c7-a564-37b3d96e74de
BRALZRCTF006;;ISIN;FII ALIANZA CI;Renda Variável;;SEM_COBERTURA_BASE2;0c27830c-7cbd-4f49-8607-3110c5202bf8
BRBPMLCTF006;;ISIN;FII BTG SHOPCI;Renda Variável;;SEM_COBERTURA_BASE2;3ff3d487-2313-4a1d-b018-248102f37aab
BRBTLGR28M16;;ISIN;FII BTLG    REC;Renda Variável;;SEM_COBERTURA_BASE2;b0e36dbb-fc0f-4b06-ab51-18e6346763ba
BRCPLGCTF006;;ISIN;FII CPLG    CI  ER;Renda Variável;;SEM_COBERTURA_BASE2;fdb54c78-81d5-4cfe-8c1b-846760a320b9
BREXESCTF006;;ISIN;FII EXES    CI;Renda Variável;;SEM_COBERTURA_BASE2;180eb806-834d-4d2a-9913-1c8186c5f98e
BRGZITCTF005;;ISIN;FII GAZIT   CI;Renda Variável;;SEM_COBERTURA_BASE2;0a48f4ff-a636-4a4b-936c-021541e736ee
BRHGRUD05M14;;ISIN;FII HGRU PAXDM  128,87;Renda Variável;;SEM_COBERTURA_BASE2;d6501e56-123c-4782-8bec-fef0f475d7b7
BRJSAFCTF000;;ISIN;FII JS A FINCI  ER;Renda Variável;;SEM_COBERTURA_BASE2;273e4903-e793-4cc4-84ae-100587a68748
62173916000109;;CNPJ;FII LOTUS TOWER FII RESP LIMITADA;FII-FIAgro;;SEM_COBERTURA_BASE2;b570ba80-ffbd-4653-8eba-5964a31510fb
BRPATLCTF003;;ISIN;FII PATL VBICI;Renda Variável;;SEM_COBERTURA_BASE2;3044d6b8-68e8-4bdc-bb2c-1cbd874b2663
BRPCIPCTF003;;ISIN;FII PCIP PAXCI;Renda Variável;;SEM_COBERTURA_BASE2;5184d1f4-2502-4783-ac5d-fac917f76dfa
BRPLAGCTF000;;ISIN;FII PLAG    CI  ER;Renda Variável;;SEM_COBERTURA_BASE2;cfc9496c-583a-400e-9d41-d5fd427f2da9
BRPMLLCTF005;;ISIN;FII PMLL PAXCI  ER;Renda Variável;;SEM_COBERTURA_BASE2;e3d8b869-343d-498e-964d-79f6d335322a
BRRECRD07M14;;ISIN;FII REC RECEDM   89,00;Renda Variável;;SEM_COBERTURA_BASE2;93c5ddcd-f0c5-4d49-91b0-47871e9dea0a
56053824000184;;CNPJ;FII RIO BRAVO HEDGE FUND RESP LTDA;FII-FIAgro;;SEM_COBERTURA_BASE2;fc05c097-576e-4e22-8bca-2dbb05884ac2
BRSNCICTF002;;ISIN;FII SUNO CRICI;Renda Variável;;SEM_COBERTURA_BASE2;6fac0732-e456-4da5-a676-69e24708f013
BRTEPPCTF006;;ISIN;FII TEL PROPCI  ER;Renda Variável;;SEM_COBERTURA_BASE2;68f36b66-3892-452f-a6d3-bd14165323c9
BRTEPPD02M14;;ISIN;FII TEL PROPDM    9,71;Renda Variável;;SEM_COBERTURA_BASE2;8b59f2c9-1042-4904-882d-125de368d752
BRBDRIBDR008;;ISIN;GX AEVEHICLEDRE;Renda Variável;;SEM_COBERTURA_BASE2;940fc042-54af-4d5d-8b03-2bf561b0d776
BRBGNOBDR008;;ISIN;GX GENOMBIOTDRE;Renda Variável;;SEM_COBERTURA_BASE2;73250786-06e4-4998-999e-a85e94c1341d
BRBURABDR009;;ISIN;GX URANIUM  DRE;Renda Variável;;SEM_COBERTURA_BASE2;39b335be-3f4b-44ce-a0b9-9d8e330a5b64
47612274000103;;CNPJ;HASHDEX CRYPTO DINÂMICO LB FICFIM;Multimercado;;SEM_COBERTURA_BASE2;4b18048b-d16c-4d1d-9d4b-39a1ab57a87d
29720571000182;;CNPJ;HECTARE REAL ESTATE FICFIM CrPr;Multimercado;;SEM_COBERTURA_BASE2;6e8c56fb-0f85-4020-8bd7-ab0e057fc1dc
57170846000197;;CNPJ;HSI CRÉDITO ESTRUTURADO FII RESP LTDA;FII-FIAgro;;SEM_COBERTURA_BASE2;81047760-62c6-46fe-8081-b6b8193c073a
BRALUGCTF000;;ISIN;INVESTO ALUGCI;Renda Variável;;SEM_COBERTURA_BASE2;c9fca178-04c6-45b0-82ac-e5e6f48f0fcd
BRBIZDCTF000;;ISIN;INVESTO BIZDCI;Renda Variável;;SEM_COBERTURA_BASE2;52ff666e-99dd-4980-a06c-f3cca84c1519
BRBNDXCTF005;;ISIN;INVESTO BNDXCI;Renda Variável;;SEM_COBERTURA_BASE2;effb5387-9d45-44a1-bb6f-ef608b4c7249
BRCHIPCTF000;;ISIN;INVESTO CHIPCI;Renda Variável;;SEM_COBERTURA_BASE2;63403f7f-6196-4879-9f75-f02f16a6fae4
BRHODLCTF005;;ISIN;INVESTO HODLCI;Renda Variável;;SEM_COBERTURA_BASE2;0a02c2ac-4860-4ba8-8bdb-75b7985e2b46
BRJOGOCTF008;;ISIN;INVESTO JOGOCI;Renda Variável;;SEM_COBERTURA_BASE2;04b0a019-1870-4d05-adfd-62bc40c475e1
BRLFTSCTF006;;ISIN;INVESTO LFTSF11;Renda Variável;;SEM_COBERTURA_BASE2;332448ee-e926-497b-a455-216fe68ca885
BRARGECTF001;;ISIN;INVESTOARGE CI;Renda Variável;;SEM_COBERTURA_BASE2;89db707d-f0e7-465b-babb-31ceb8723c1d
29544764000120;;CNPJ;IP PARTICIPACOES FICFIA BDR NIVEL I;Multimercado;;SEM_COBERTURA_BASE2;08104fd6-daae-47ca-8e1d-b29c32445464
BRIDKACTF004;;ISIN;IT NOW PRE 3F11;Renda Variável;;SEM_COBERTURA_BASE2;54c3283b-78fc-41f8-854b-8aae94e07d97
BRSMACCTF001;;ISIN;IT NOW SMALLCI;Renda Variável;;SEM_COBERTURA_BASE2;76d9a306-ed7f-41a0-a3b4-56d2223033cd
BRSPXICTF003;;ISIN;IT NOW SPXI CI;Renda Variável;;SEM_COBERTURA_BASE2;8736208a-c1ee-4400-9521-dd07834dbecf
52285727000166;;CNPJ;Itau Janeiro Dist FICFIM RL;Multimercado;;SEM_COBERTURA_BASE2;c5f5db21-85ae-4d0d-8499-7e8acb2ae440
31120420000135;;CNPJ;Journey Endurance Debent Inc FIRF CrPr;Multimercado;;SEM_COBERTURA_BASE2;8dfa1717-ed7e-4bac-b779-eef47f8f3a95
38221267000181;;CNPJ;KP CrPr 35 FICFIM;Multimercado;;SEM_COBERTURA_BASE2;08eda330-0756-4c9c-9e3e-1f98512731e5
28903657000188;;CNPJ;KP CrPr FICFIM;Multimercado;;SEM_COBERTURA_BASE2;e723baa9-c80b-4dd8-9d60-a479f6597225
25F08576117;;ISIN;LCA;RF - Pós-fixado;;SEM_COBERTURA_BASE2;f88e2ca2-6602-4922-b1d5-1c0ca0bc6f18
25L00455466;;ISIN;LCA;RF - Pós-fixado;;SEM_COBERTURA_BASE2;ef940ab9-4559-4e2f-9811-47917a7d17a8
26D06466073;;ISIN;LCA;RF - Pós-fixado;;SEM_COBERTURA_BASE2;ab4d4e59-1061-4041-b017-77346b529b9c
25K00082462;;ISIN;LCA;RF - Pós-fixado;;SEM_COBERTURA_BASE2;ab862591-22cc-47bd-90b8-fc8df1c13320
24L02620848;;ISIN;LCA;RF - Prefixado;;SEM_COBERTURA_BASE2;ad7e3dc7-15fb-4391-be05-ffc660fb68bd
25B02782755;;ISIN;LCA;RF - Pós-fixado;;SEM_COBERTURA_BASE2;463313b8-895b-4dcf-86a3-22644723a9ec
25E03736791;;ISIN;LCA;RF - Pós-fixado;;SEM_COBERTURA_BASE2;00637ec1-acb4-4e10-b988-067961231fd7
24I02545906;;ISIN;LCA;RF - Prefixado;;SEM_COBERTURA_BASE2;4a599493-b8a9-4826-85d9-59bff6ddf76f
25G02464662;;ISIN;LCA;RF - Pós-fixado;;SEM_COBERTURA_BASE2;b9cd07ea-d2b6-4fc7-b629-1714c433e7e6
25G02486927;;ISIN;LCA;RF - Pós-fixado;;SEM_COBERTURA_BASE2;6a3e4feb-688e-43a4-a573-3ce2d8f3f04f
25D02233759;;ISIN;LCA;RF - Inflação;;SEM_COBERTURA_BASE2;4f87a56a-9500-4f9e-855e-9e2562222e49
25L02531080;;ISIN;LCA;RF - Pós-fixado;;SEM_COBERTURA_BASE2;37dd53f0-bbf3-4eb9-a5cb-32d3cee53055
25G03461678;;ISIN;LCA;RF - Inflação;;SEM_COBERTURA_BASE2;bfcce0b5-619b-4f63-8d26-838dbecbcca7
25E02669631;;ISIN;LCA;RF - Pós-fixado;;SEM_COBERTURA_BASE2;51490a66-ba04-4510-994f-d0413abcb3c8
25K00081498;;ISIN;LCA;RF - Pós-fixado;;SEM_COBERTURA_BASE2;a0b41c3d-d10f-450c-9aa3-d71c06efffed
25C03388028;;ISIN;LCA;RF - Pós-fixado;;SEM_COBERTURA_BASE2;fa7fee66-c23c-4d0f-9ab6-dafbb3868aa3
24K01903023;;ISIN;LCA;RF - Prefixado;;SEM_COBERTURA_BASE2;0790971d-1b4c-4656-bc77-d02d5e88ccdc
25G03336924;;ISIN;LCA;RF - Prefixado;;SEM_COBERTURA_BASE2;7526ad5a-c2af-45d6-9c4d-6cf096b6be7e
BRABCBAGKYN2;;ISIN;LCA;RF - Pós-fixado;;SEM_COBERTURA_BASE2;335fc67f-ded8-4b7d-b517-6847c6572bcb
26D04965761;;ISIN;LCA;RF - Pós-fixado;;SEM_COBERTURA_BASE2;32bbe73d-a2fc-44ff-a8af-5017856c339e
25G03387370;;ISIN;LCA;RF - Pós-fixado;;SEM_COBERTURA_BASE2;9b9f7442-9391-45e1-b50e-25ec2834dc77
24K02593641;;ISIN;LCA;RF - Prefixado;;SEM_COBERTURA_BASE2;098fe428-982c-41de-8b86-00e4dd0eb0b3
25E03344756;;ISIN;LCA;RF - Pós-fixado;;SEM_COBERTURA_BASE2;c91aa23d-6160-49f0-a96e-c4362db5363a
BRCPRTAG0058;;ISIN;LCA;RF - Pós-fixado;;SEM_COBERTURA_BASE2;98f8e83a-4dd8-4275-bab4-ff24d03118c9
25I02044763;;ISIN;LCA;RF - Pós-fixado;;SEM_COBERTURA_BASE2;98a39d2f-dda4-423b-b524-7b019e51774b
25E01935286;;ISIN;LCA;RF - Pós-fixado;;SEM_COBERTURA_BASE2;cb95c58d-e6e7-4ade-bff5-5dfd9a5c8438
25E02671673;;ISIN;LCA;RF - Pós-fixado;;SEM_COBERTURA_BASE2;57a76a40-3e14-484e-a74a-cf531d5fea6c
25K03664863;;ISIN;LCA;RF - Pós-fixado;;SEM_COBERTURA_BASE2;95ed877e-f2f5-4b31-84ed-3f9ac6003ad8
25L02522948;;ISIN;LCA;RF - Pós-fixado;;SEM_COBERTURA_BASE2;69444fef-8f99-46aa-8544-7f3bac1980f2
25G02777682;;ISIN;LCA;RF - Pós-fixado;;SEM_COBERTURA_BASE2;cea1e643-1981-4d5a-a562-dcd7693343e9
25B02303652;;ISIN;LCA;RF - Pós-fixado;;SEM_COBERTURA_BASE2;ceae769e-eae2-4443-9cdb-76de3104261f
25F04922302;;ISIN;LCA;RF - Prefixado;;SEM_COBERTURA_BASE2;948834be-2da4-452c-8647-315342b8335e
25I04005403;;ISIN;LCA;RF - Pós-fixado;;SEM_COBERTURA_BASE2;0bc6407e-e83e-4921-bd84-8cb080640cf1
24J03447637;;ISIN;LCA;RF - Prefixado;;SEM_COBERTURA_BASE2;59317534-c3f5-4725-8ed7-d555bff6c7e0
25E04162924;;ISIN;LCA;RF - Pós-fixado;;SEM_COBERTURA_BASE2;0c314d81-ca3e-4518-a504-1f6b6fce532f
25E03347499;;ISIN;LCA;RF - Pós-fixado;;SEM_COBERTURA_BASE2;8eb29a13-a41d-43e5-8951-b4a97f9cd1dd
25E02202047;;ISIN;LCA;RF - Pós-fixado;;SEM_COBERTURA_BASE2;2795e176-1d65-4e2f-ae0d-49f8c5a020b9
25L00150483;;ISIN;LCA;RF - Pós-fixado;;SEM_COBERTURA_BASE2;d69cc74b-9243-4889-9230-75c316bf01d0
25H03630446;;ISIN;LCA;RF - Pós-fixado;;SEM_COBERTURA_BASE2;0ccbae5f-563d-46d7-bfe6-f09007ff26cb
26D04955699;;ISIN;LCA;RF - Pós-fixado;;SEM_COBERTURA_BASE2;0f6266ec-cbe2-4629-898f-57e6f3fce78d
25E04005976;;ISIN;LCA;RF - Pós-fixado;;SEM_COBERTURA_BASE2;dc72e24c-f958-4fd2-ae24-9ab9572854cd
26B03897884;;ISIN;LCA;RF - Pós-fixado;;SEM_COBERTURA_BASE2;dca4b2e2-d95e-4875-9fb5-aae6f4c334b7
25B02386293;;ISIN;LCA;RF - Pós-fixado;;SEM_COBERTURA_BASE2;df3a07f4-3d35-46a2-961c-06099d6269ee
25E03895524;;ISIN;LCA;RF - Pós-fixado;;SEM_COBERTURA_BASE2;8ac978f8-bd98-45ba-b3aa-2c7b627cde3d
25B03316567;;ISIN;LCA;RF - Prefixado;;SEM_COBERTURA_BASE2;22ad452f-bba7-4a57-837e-b834ebca3754
25C03388022;;ISIN;LCA;RF - Prefixado;;SEM_COBERTURA_BASE2;66fffe69-489c-4305-a92a-63063b9d581f
26E04774736;;ISIN;LCA;RF - Pós-fixado;;SEM_COBERTURA_BASE2;8a568618-ccea-474e-b5e2-ed2c1f6680a5
24I02490613;;ISIN;LCA;RF - Inflação;;SEM_COBERTURA_BASE2;89f406ed-0184-4850-998d-eb9e40d17cf5
25I04622604;;ISIN;LCA;RF - Pós-fixado;;SEM_COBERTURA_BASE2;77b795c6-e9b1-4289-b8d7-a015febfb303
25H03370465;;ISIN;LCA;RF - Pós-fixado;;SEM_COBERTURA_BASE2;7883d3cd-704b-415e-9545-6e4c74ef6aad
25G00682525;;ISIN;LCA;RF - Pós-fixado;;SEM_COBERTURA_BASE2;7a246458-3de1-4878-9e3a-58bb829b9f8f
25F08539417;;ISIN;LCA;RF - Pós-fixado;;SEM_COBERTURA_BASE2;e4556830-b71d-4830-b560-abf86da6d56e
25E02051522;;ISIN;LCA;RF - Pós-fixado;;SEM_COBERTURA_BASE2;5fdded72-9e5a-4fff-8711-b5a2d22f5790
22I01515266;;ISIN;LCA;RF - Prefixado;;SEM_COBERTURA_BASE2;8193addd-a9d0-4e59-8021-033eb83158e2
25G05682765;;ISIN;LCA;RF - Inflação;;SEM_COBERTURA_BASE2;194c427c-3040-4dc2-a32f-cffb53902c74
25F08483295;;ISIN;LCA;RF - Pós-fixado;;SEM_COBERTURA_BASE2;7dc33628-3883-48b2-be66-8ab28e35eab1
25L02726558;;ISIN;LCA;RF - Pós-fixado;;SEM_COBERTURA_BASE2;ebe5634d-de43-44a4-bdee-e8261d96f27c
25E02183720;;ISIN;LCA;RF - Pós-fixado;;SEM_COBERTURA_BASE2;176b36a3-341f-4477-9fdc-f04cf3391273
25G02683717;;ISIN;LCA;RF - Pós-fixado;;SEM_COBERTURA_BASE2;649be960-ecc3-46a4-a91b-23bec5b4c3c0
25C04008331;;ISIN;LCD;RF - Pós-fixado;;SEM_COBERTURA_BASE2;9c075b31-4a9f-42db-8c57-683caf541958
24L01568469;;ISIN;LCD;RF - Pós-fixado;;SEM_COBERTURA_BASE2;0e7ccad1-d253-4dae-a660-9c0b3e218ed8
23L02044977;;ISIN;LCI;RF - Inflação;;SEM_COBERTURA_BASE2;41a98d7e-feca-4e7c-959e-e5941e9ddd16
25H00073713;;ISIN;LCI;RF - Pós-fixado;;SEM_COBERTURA_BASE2;9b6d97aa-395e-4d94-bbc9-6c195365833b
25D02279183;;ISIN;LCI;RF - Pós-fixado;;SEM_COBERTURA_BASE2;41882b50-9a6c-4743-a01b-236484c297f2
23L01805720;;ISIN;LCI;RF - Inflação;;SEM_COBERTURA_BASE2;ee997775-28e4-49f6-a862-c7b37b83069b
24L02721008;;ISIN;LCI;RF - Prefixado;;SEM_COBERTURA_BASE2;c2cff040-910c-4356-98c1-a4894bbd80ef
24K01371553;;ISIN;LCI;RF - Pós-fixado;;SEM_COBERTURA_BASE2;9fd3c415-22bc-461f-8230-6b2e690ada1f
25G05682918;;ISIN;LCI;RF - Prefixado;;SEM_COBERTURA_BASE2;f9cfa942-30f1-43a5-b26e-f7f1440d7900
25C03131344;;ISIN;LCI;RF - Pós-fixado;;SEM_COBERTURA_BASE2;51000288-f0e8-4069-b205-5978969f91c4
24G02179170;;ISIN;LCI;RF - Pós-fixado;;SEM_COBERTURA_BASE2;a0f406e8-6257-4453-8b70-0d5163a43a5c
23J02083201;;ISIN;LCI;RF - Pós-fixado;;SEM_COBERTURA_BASE2;03fb8bf1-ac1d-4c96-a88d-8d42686abb1f
23L02044389;;ISIN;LCI;RF - Pós-fixado;;SEM_COBERTURA_BASE2;3fe5d830-bc89-45b3-98f2-c03800860367
25J03042246;;ISIN;LCI;RF - Pós-fixado;;SEM_COBERTURA_BASE2;b75fe234-de26-4b9e-9548-20ae38795f48
25E01791090;;ISIN;LCI;RF - Pós-fixado;;SEM_COBERTURA_BASE2;00add9a3-e474-4d33-a877-b8a0f2cf0bc0
25F02010713;;ISIN;LCI;RF - Inflação;;SEM_COBERTURA_BASE2;0c833460-9926-4dcf-a2b9-9ce0fd040851
LF002100BVN;;ISIN;LF;RF - Inflação;;SEM_COBERTURA_BASE2;5fd3732c-725c-4a82-a4ab-f3de6f34bef9
LF0024007AX;;ISIN;LF;RF - Pós-fixado;;SEM_COBERTURA_BASE2;f1a07776-0325-4173-b4f1-3b5dd3fc9ecc
null;;null;LF;RF - Inflação;;SEM_COBERTURA_BASE2;e845128f-c405-4723-9e5e-4e526f079daa
LF002500MOP;;ISIN;LF;RF - Prefixado;;SEM_COBERTURA_BASE2;8eb44e58-261b-4896-961d-5c55723a68b7
LF0024007NX;;ISIN;LF;RF - Pós-fixado;;SEM_COBERTURA_BASE2;3d21228d-288f-464a-8898-65147b895cf2
LF002500EJS;;ISIN;LF;RF - Pós-fixado;;SEM_COBERTURA_BASE2;62280681-71fb-426f-96bc-e15644e53a41
LF002500MJE;;ISIN;LF;RF - Prefixado;;SEM_COBERTURA_BASE2;abda99b1-55da-4b88-9ad7-ac6114aeee15
LF002500D90;;ISIN;LF;RF - Inflação;;SEM_COBERTURA_BASE2;f48200ba-b8aa-4370-8729-5bf2c6fc15b4
LF002500H01;;ISIN;LF;RF - Prefixado;;SEM_COBERTURA_BASE2;895ece3d-1760-44a8-a2e4-b338303456dd
LF0024006ZO;;ISIN;LF;RF - Pós-fixado;;SEM_COBERTURA_BASE2;836804aa-7747-45f5-8601-c6dc30edecd4
LF002400U83;;ISIN;LF;RF - Pós-fixado;;SEM_COBERTURA_BASE2;ee0987dd-690d-4e3b-a632-c49e426d85d9
LF002500FWZ;;ISIN;LF;RF - Inflação;;SEM_COBERTURA_BASE2;1cf9244a-daa6-4483-85b8-a18e351ea371
BRBBDCLFC340 | LF002;;ISIN;LF - BANCO BRADESCO S/A;RF - Inflação;;SEM_COBERTURA_BASE2;4b9a5abb-6f8e-4270-a10f-5a995eeabc51
LF0021007RJ;;ISIN;LF - BANCO VOTORANTIM S/A;RF - Inflação;;SEM_COBERTURA_BASE2;477748b8-f724-4466-8b14-708c20ac416a
LF0021005FU;;ISIN;LF PRE - BANCO DAYCOVAL S/A.;RF - Pós-fixado;;SEM_COBERTURA_BASE2;b0fa5024-4f62-4c06-87ff-494bac8f32c6
BRBMGBLFI794;;ISIN;LFSN;RF - Pós-fixado;;SEM_COBERTURA_BASE2;e2433171-7e8d-4996-8e80-bdb13f2ec8e9
LFSN24009KK;;ISIN;LFSN;RF - Pós-fixado;;SEM_COBERTURA_BASE2;28ea133c-8c46-4a83-8fb8-36a283c645c4
BRSTNCLF1RX0;;ISIN;LFT;RF - Pós-fixado;;SEM_COBERTURA_BASE2;1d4e3448-b8e7-46c7-b89b-cd4a2ed73cbc
BRSTNCLF1RO9;;ISIN;LFT;RF - Pós-fixado;;SEM_COBERTURA_BASE2;8c425297-e106-4103-9a85-999fef3b03ba
BRSTNCLF1RF7;;ISIN;LFT;RF - Pós-fixado;;SEM_COBERTURA_BASE2;b79953e5-1d78-425a-94d6-8fdca3b24201
BRSTNCLF1RL5;;ISIN;LFT;RF - Pós-fixado;;SEM_COBERTURA_BASE2;23a77238-e643-4cbc-8eae-51f2f6a86b9c
45274408000190;;CNPJ;LIBRA FIC FIDC CrPr;Multimercado;;SEM_COBERTURA_BASE2;8d8cd4bc-7164-4799-abe7-5b0da7abbb8e
BRLOGGACNOR7;;ISIN;LOG COM PROPON      NM;Renda Variável;;SEM_COBERTURA_BASE2;a39117ba-e1ad-4ba8-9df1-d98518b51829
62855536000146;;CNPJ;LOTUS TOWER II FII RESPONSABILIDADE L;FII-FIAgro;;SEM_COBERTURA_BASE2;5c91f93c-c08f-44cb-89f6-907afd87176e
BRSTNCLTN8J8;;ISIN;LTN;RF - Prefixado;;SEM_COBERTURA_BASE2;933595dc-ad13-4997-8587-d70a8569ffac
17899612000160;;CNPJ;MAG CASH FIRF LP;Multimercado;;SEM_COBERTURA_BASE2;03c855aa-30ba-4db1-821b-ab62806826b2
63441263000156;;CNPJ;MANATÍ RENDA IMOBILIÁRIA FII RL;FII-FIAgro;;SEM_COBERTURA_BASE2;a94e3ab9-bf7d-4ee8-b0a8-04e7c309cba8
08610270000126;;CNPJ;MAPFRE FIRF;Multimercado;;SEM_COBERTURA_BASE2;300e12de-1ab5-4e2c-b3d8-030b2f101d3d
19392834000118;;CNPJ;MCA CrPr FICFIDC;Multimercado;;SEM_COBERTURA_BASE2;cb5d67f3-5517-447f-9b94-f4f04b76ea90
23711364000185;;CNPJ;MCA II FICFIDC;Multimercado;;SEM_COBERTURA_BASE2;8d8f9916-711b-4956-9753-51b1b5081bc7
BRMILSACNOR2;;ISIN;MILLS       ON      NM;Renda Variável;;SEM_COBERTURA_BASE2;47ad908c-e3cf-4c90-8bb1-beb15809a740
51192125000100;;CNPJ;MORE CRED IMOB FII;FII-FIAgro;;SEM_COBERTURA_BASE2;84a183ef-52ea-44db-b93d-372a83f111a8
BRMOTVACNOR7;;ISIN;MOTIVA SA   ON      NM;Renda Variável;;SEM_COBERTURA_BASE2;d8a91cd4-1127-4ca8-bd1a-04b16e535545
10237439000196;;CNPJ;Matera RC Hedge FIM;Multimercado;;SEM_COBERTURA_BASE2;15aff99b-ba28-451b-97d3-5d5e2ccab1ec
38226673000137;;CNPJ;Menestys I FICFIM CrPr;Multimercado;;SEM_COBERTURA_BASE2;0e280e53-242e-4814-9c12-507d983ee8ac
32388135000162;;CNPJ;Multiplica Multiagro FIDC - Senior;Multimercado;;SEM_COBERTURA_BASE2;d294eaaf-2d52-477d-a914-e78ad8959d3d
NTN-B-2055-05-15;;TICKER;NTN-B COM JUROS SEMESTRAL;RF - Inflação;;SEM_COBERTURA_BASE2;8266dc73-d577-4a77-9d86-edef6a6ba81d
BRSTNCNTB674;;ISIN;NTNB;RF - Inflação;;SEM_COBERTURA_BASE2;69811d1b-ab2f-4a01-86a8-c3fe7190d7f5
BRSTNCNTB682;;ISIN;NTNB;RF - Inflação;;SEM_COBERTURA_BASE2;51dbb58b-48c4-4838-9da8-43c5f04c8ece
BRSTNCNTB4U6;;ISIN;NTNB;RF - Inflação;;SEM_COBERTURA_BASE2;c65cee2c-a44e-427e-87ea-3b772da35e83
BRSTNCNTB4Q4;;ISIN;NTNB;RF - Inflação;;SEM_COBERTURA_BASE2;2114d4b4-c14e-4da9-989c-d5d9c94c10e7
BRSTNCNTB0O7;;ISIN;NTNB;RF - Inflação;;SEM_COBERTURA_BASE2;e0754f12-32af-4c10-9b6e-42c2bdb00913
BRSTNCNTB716;;ISIN;NTNB;RF - Inflação;;SEM_COBERTURA_BASE2;40013e4b-a04c-4f72-bd7b-87b51a790bbf
BRSTNCNTB3D4;;ISIN;NTNB;RF - Inflação;;SEM_COBERTURA_BASE2;df897054-40de-4616-810c-9f1474b0c9e7
BRSTNCNTB690;;ISIN;NTNB;RF - Inflação;;SEM_COBERTURA_BASE2;0b12a149-f85c-451b-9917-39303fed8574
BRSTNCNTB3C6;;ISIN;NTNB;RF - Inflação;;SEM_COBERTURA_BASE2;3a43fbad-c324-4d70-9541-e1ee5bc58c95
BRSTNCNTB0A6;;ISIN;NTNB;RF - Inflação;;SEM_COBERTURA_BASE2;69128083-ca3a-4ef3-b607-4336b6e151f8
BRSTNCNTB4X0;;ISIN;NTNB;RF - Inflação;;SEM_COBERTURA_BASE2;3730bbae-00d1-4cec-ad9f-36b86e0dfc94
BRSTNCNTF2K7;;ISIN;NTNF;RF - Prefixado;;SEM_COBERTURA_BASE2;9f589845-386a-4254-923a-d48cd06b0aca
BRHYBRCTF005;;ISIN;NUIBOXXBRLHYF11;Renda Variável;;SEM_COBERTURA_BASE2;f6dfaab7-7390-4820-9a3e-f6de2934446f
CSANF370;;TICKER;Opção Call - CSANF370;Alternativos;;SEM_COBERTURA_BASE2;0b76a573-bebe-4f8e-b042-bb7e3b4c285a
QUALG174;;TICKER;Opção Call - QUALG174;Alternativos;;SEM_COBERTURA_BASE2;c64b9418-cb7a-4609-b1e8-713b16504df2
BOVAS150;;TICKER;Opção Put - BOVAS150;Alternativos;;SEM_COBERTURA_BASE2;f022a220-fb6e-4573-b5a7-f01220dd862b
23970201000117;;CNPJ;Ouro Preto Real FICFIRF LP;Multimercado;;SEM_COBERTURA_BASE2;d38f80d3-004b-4e36-aa78-b016d06b6d9e
63141464000138;;CNPJ;PATRIA INFRA CREDITO DI I FIP I;Multimercado;;SEM_COBERTURA_BASE2;777add81-25a1-4e80-a515-26a65004f6d4
10032;;ISIN;PGBL ULTRA RENDA FIXA CREDITO PRIVADO;Multimercado;;SEM_COBERTURA_BASE2;92460134-d901-4fb8-9c3e-f1c3dcf0780b
29066331000106;;CNPJ;PIMCO GL FINANC CREDIT FICFIM IE;Multimercado;;SEM_COBERTURA_BASE2;9d0c7906-906b-4116-8b66-d585969ae20e
32225478000106;;CNPJ;PIMCO INCOME DOLAR FICFIM IE LP RL;Multimercado;;SEM_COBERTURA_BASE2;397098c1-f149-4a8d-ac4b-11bbf225742e
57277937000126;;CNPJ;PIPO CAPITAL II FI FINANCEIRO;Multimercado;;SEM_COBERTURA_BASE2;7cf67299-a342-4935-95ca-1ff588714fcb
57277830000188;;CNPJ;PIPO CAPITAL II FIP MULT  CL A;Multimercado;;SEM_COBERTURA_BASE2;1430ed57-f3a7-49bb-b19b-0a320968def7
27717045000138;;CNPJ;RB Capital Vitoria Debent Inc FICFIIIRF;FII-FIAgro;;SEM_COBERTURA_BASE2;decd4a0d-e126-4905-86b7-1aff190ce4d0
63976688000160;;CNPJ;RBR FIP INFRA CREDITO;Multimercado;;SEM_COBERTURA_BASE2;7813c3f6-2478-4d12-b20d-2dc31adb13d8
50352284000153;;CNPJ;RBR OPORTUNIDADES FII RL;FII-FIAgro;;SEM_COBERTURA_BASE2;d10debd7-7524-4443-80fb-c7ca38518654
10500884000105;;CNPJ;REAL INVESTOR FICFIA BDR NIVEL I;Multimercado;;SEM_COBERTURA_BASE2;0b94f471-3b41-4fb1-80d6-cac849888893
42013814000100;;CNPJ;RENDA MENSAL PRE FC FIDC;Multimercado;;SEM_COBERTURA_BASE2;75745165-6ff8-46a4-b2d3-03ca5ea54f9f
57593613000105;;CNPJ;RIZA EQUITUS REAL ESTATE FII RESP LTDA;FII-FIAgro;;SEM_COBERTURA_BASE2;373a4cce-2ea7-45e9-996e-a160e7898610
42405028000159;;CNPJ;ROOT CAPITAL CREDITO HG PLUS FICFIM CrPr;Multimercado;;SEM_COBERTURA_BASE2;75126cea-4015-4089-993f-f1f164f26de6
BRSANBACNOR8;;ISIN;SANTANDER BRON;Renda Variável;;SEM_COBERTURA_BASE2;34047c71-6e59-4be2-8fa4-6c99fd818d09
BRSANBCDAM13;;ISIN;SANTANDER BRUNT;Renda Variável;;SEM_COBERTURA_BASE2;c0d50016-c6e7-48e9-996c-3a9193a4c93d
BRWEB3CTF005;;ISIN;SMART HASH  CI;Renda Variável;;SEM_COBERTURA_BASE2;f473e3f7-ae58-43fd-a243-7cc6ab05e699
13054728000148;;CNPJ;SOLIS CAPITAL ANTARES CrPr FICFIM LP;Multimercado;;SEM_COBERTURA_BASE2;dcdebf38-9621-4261-be26-537b35553290
49692303000101;;CNPJ;SOLUTIONS FICFIM CrPr;Multimercado;;SEM_COBERTURA_BASE2;fa48b6e9-eba7-486b-ad15-a0dbcc535419
55318040000178;;CNPJ;Solis Capital Antares Pioneiro FICFIDC;Multimercado;;SEM_COBERTURA_BASE2;ddc34d5e-39ac-4cad-857d-acb5aa7b150a
34713026000107;;CNPJ;TARPON INTERSECTION FICFIA;Multimercado;;SEM_COBERTURA_BASE2;69d28f87-bd3c-49d0-aff4-b7fa25731f5a
41269079000138;;CNPJ;TARPON US EQUITIES I FIA IE;Multimercado;;SEM_COBERTURA_BASE2;76d57fd9-b979-4415-9669-a8d301447d3e
55054815000145;;CNPJ;TERRAMAGNA II FC FIAGRO FIDC RESP LIMIT;FII-FIAgro;;SEM_COBERTURA_BASE2;4d75d676-0493-4a39-8a06-0f9b6e4d3acd
BRSTNCLTN897;;ISIN;TESOURO DIRETO - LTN;RF - Prefixado;;SEM_COBERTURA_BASE2;90b6cf81-f954-4b30-bc35-65d5a0954503
BRSTNCNTB2U0;;ISIN;TESOURO DIRETO - NTNB-P;RF - Inflação;;SEM_COBERTURA_BASE2;4fb163a6-872c-4aa8-a4ba-8b7ea9eeaa1d
BRSTNCNTB6A3;;ISIN;TESOURO DIRETO - NTNB-P;RF - Inflação;;SEM_COBERTURA_BASE2;f4fec604-37ea-416f-b66c-b76803516443
BRSTNCNTB3E2;;ISIN;TESOURO DIRETO - NTNB-P;RF - Inflação;;SEM_COBERTURA_BASE2;57ecb53d-cb64-4f97-83d4-d2ece13a16a7
BRSTNCNTB4W2;;ISIN;TESOURO DIRETO - NTNB-P;RF - Inflação;;SEM_COBERTURA_BASE2;cf656b9c-c24b-4280-ba31-41679823e48e
LTN-2027-01-01;;TICKER;Tesouro Prefixado 2027;RF - Prefixado;;SEM_COBERTURA_BASE2;221e94a6-af24-4b56-a9b3-d21c1b5a9bb0
30509221000150;;CNPJ;V8 CASH FICFIRF;Multimercado;;SEM_COBERTURA_BASE2;7f0e2d8d-b585-4609-b713-6647a48c9363
46339885000159;;CNPJ;V8 GTO FICFIDC;Multimercado;;SEM_COBERTURA_BASE2;0b814266-c8b3-4b21-9ede-55182ea4e166
60743809000135;;CNPJ;VALORA AGRO RENDA SR2 FIAGRO DC RL;FII-FIAgro;;SEM_COBERTURA_BASE2;ec6d1881-e098-4a5a-8c72-8e74d0b34c6d
11701985000107;;CNPJ;VALORA GUARDIAN FIDC;Multimercado;;SEM_COBERTURA_BASE2;5d84c403-7658-4c27-8360-9f517c24600f
51802350000102;;CNPJ;VBI CRED MULTI FII RESP LIMITADA;FII-FIAgro;;SEM_COBERTURA_BASE2;e1b64df9-2e11-40da-9e98-c8cee849c609
10033;;ISIN;VGBL ULTRA RENDA FIXA CREDITO PRIVADO;Multimercado;;SEM_COBERTURA_BASE2;0788d46f-f658-46dc-bf8b-c8be47e7c200
59657690000107;;CNPJ;Valora Vanguard FIC FIDC;Multimercado;;SEM_COBERTURA_BASE2;74a55476-95c3-4052-afef-433a647f4a17
55507846000104;;CNPJ;WESTERN ASSET HIGH GRADE ONE FIC FIDC RE;Multimercado;;SEM_COBERTURA_BASE2;56d50738-ca9b-4240-89bb-21c4e78cde42
38065069000176;;CNPJ;Éxes D90 FIDC;Multimercado;;SEM_COBERTURA_BASE2;3161c358-36f0-4662-a303-6d7f5bd8aaba
61250889000150;NOME;CNPJ;BRASIL ENERGIA FII RESP LIMITADA;FII-FIAgro;FII-FIAgro;SUGESTAO_POR_NOME;814c4bcb-8fb6-4247-9ad7-b0d4a107e466
